#
# There is insufficient memory for the Java Runtime Environment to continue.
# Native memory allocation (malloc) failed to allocate 1733792 bytes. Error detail: Chunk::new
# Possible reasons:
#   The system is out of physical RAM or swap space
#   This process is running with CompressedOops enabled, and the Java Heap may be blocking the growth of the native heap
# Possible solutions:
#   Reduce memory load on the system
#   Increase physical memory or swap space
#   Check if swap backing store is full
#   Decrease Java heap size (-Xmx/-Xms)
#   Decrease number of Java threads
#   Decrease Java thread stack sizes (-Xss)
#   Set larger code cache with -XX:ReservedCodeCacheSize=
#   JVM is running with Unscaled Compressed Oops mode in which the Java heap is
#     placed in the first 4GB address space. The Java Heap base address is the
#     maximum limit for the native heap growth. Please use -XX:HeapBaseMinAddress
#     to set the Java Heap base and to place the Java Heap above 4GB virtual address.
# This output file may be truncated or incomplete.
#
#  Out of Memory Error (arena.cpp:168), pid=10536, tid=11136
#
# JRE version: OpenJDK Runtime Environment (21.0.5) (build 21.0.5+-12932927-b750.29)
# Java VM: OpenJDK 64-Bit Server VM (21.0.5+-12932927-b750.29, mixed mode, tiered, compressed oops, compressed class ptrs, g1 gc, windows-amd64)
# No core dump will be written. Minidumps are not enabled by default on client versions of Windows
#

---------------  S U M M A R Y ------------

Command Line: --add-opens=java.base/java.util=ALL-UNNAMED --add-opens=java.base/java.lang=ALL-UNNAMED --add-opens=java.base/java.lang.invoke=ALL-UNNAMED --add-opens=java.prefs/java.util.prefs=ALL-UNNAMED --add-exports=jdk.compiler/com.sun.tools.javac.api=ALL-UNNAMED --add-exports=jdk.compiler/com.sun.tools.javac.util=ALL-UNNAMED --add-opens=java.base/java.nio.charset=ALL-UNNAMED --add-opens=java.base/java.net=ALL-UNNAMED --add-opens=java.base/java.util.concurrent.atomic=ALL-UNNAMED -Xmx2048m -Dfile.encoding=UTF-8 -Duser.country=US -Duser.language=en -Duser.variant -javaagent:C:\Users\memni\.gradle\wrapper\dists\gradle-8.10.2-bin\a04bxjujx95o3nb99gddekhwo\gradle-8.10.2\lib\agents\gradle-instrumentation-agent-8.10.2.jar org.gradle.launcher.daemon.bootstrap.GradleDaemon 8.10.2

Host: Intel(R) Core(TM) i5-10300H CPU @ 2.50GHz, 8 cores, 15G,  Windows 11 , 64 bit Build 26100 (10.0.26100.3775)
Time: Wed Apr 30 11:24:41 2025 W. Central Africa Standard Time elapsed time: 1672.767614 seconds (0d 0h 27m 52s)

---------------  T H R E A D  ---------------

Current thread (0x00000201a0cb89c0):  JavaThread "C2 CompilerThread2" daemon [_thread_in_native, id=11136, stack(0x000000527ab00000,0x000000527ac00000) (1024K)]


Current CompileTask:
C2:1672767 17404       4       org.gradle.internal.serialize.HierarchicalNameSerializer::readFirstOccurrenceOfName (60 bytes)

Stack: [0x000000527ab00000,0x000000527ac00000]
Native frames: (J=compiled Java code, j=interpreted, Vv=VM code, C=native code)
V  [jvm.dll+0x6cfb29]
V  [jvm.dll+0x85ded3]
V  [jvm.dll+0x86042e]
V  [jvm.dll+0x860b13]
V  [jvm.dll+0x27e6b6]
V  [jvm.dll+0xbff6d]
V  [jvm.dll+0xc04a3]
V  [jvm.dll+0x3b5ffb]
V  [jvm.dll+0x1de852]
V  [jvm.dll+0x247db4]
V  [jvm.dll+0x247231]
V  [jvm.dll+0x1c5ee4]
V  [jvm.dll+0x25697c]
V  [jvm.dll+0x254ec6]
V  [jvm.dll+0x3f0ce6]
V  [jvm.dll+0x806368]
V  [jvm.dll+0x6ce3fd]
C  [ucrtbase.dll+0x37b0]
C  [KERNEL32.DLL+0x2e8d7]
C  [ntdll.dll+0xb14fc]


---------------  P R O C E S S  ---------------

Threads class SMR info:
_java_thread_list=0x00000201a7b7e480, length=90, elements={
0x00000201fcfbbab0, 0x0000020196901690, 0x00000201969022e0, 0x0000020196903210,
0x0000020196903c60, 0x0000020196910f30, 0x00000201968ee940, 0x0000020196911cb0,
0x0000020196924b30, 0x00000201966cb770, 0x000002019b01ade0, 0x000002019cc80080,
0x000002019cefd590, 0x000002019d01c410, 0x000002019cea4fc0, 0x000002019cea5650,
0x000002019cea7720, 0x000002019cea6a00, 0x000002019d3cac60, 0x000002019d3c9f40,
0x000002019d605bc0, 0x000002019d6020b0, 0x000002019d603460, 0x000002019d602740,
0x000002019d602dd0, 0x000002019d5fffe0, 0x000002019d603af0, 0x000002019d600d00,
0x000002019d600670, 0x000002019d604180, 0x000002019d605530, 0x000002019d604810,
0x00000201a7ba8340, 0x00000201a0cb82f0, 0x000002019c555370, 0x000002019c553930,
0x000002019c554650, 0x000002019c558160, 0x000002019c554ce0, 0x000002019c555a00,
0x000002019cea7090, 0x000002019cea42a0, 0x000002019cea6370, 0x000002019cea4930,
0x000002019cea5ce0, 0x000002019c4293a0, 0x000002019c429a30, 0x000002019c42a0c0,
0x00000201a0cb89c0, 0x000002019c42bb00, 0x000002019c428d10, 0x000002019c42ade0,
0x000002019c42b470, 0x000002019c42c190, 0x000002019b3a5630, 0x000002019b3a7d90,
0x000002019b3a5cc0, 0x000002019b3a69e0, 0x000002019b3a7070, 0x000002019b3a7700,
0x000002019b3a6350, 0x000002019b3a4fa0, 0x000002019b3aab80, 0x000002019b3ab210,
0x000002019b3a9140, 0x000002019b3a97d0, 0x000002019b3a8ab0, 0x000002019b3a9e60,
0x000002019b3ab8a0, 0x000002019b3aa4f0, 0x000002019b3a8420, 0x000002019b3abf30,
0x000002019b3ac5c0, 0x00000201a7ba9060, 0x00000201a7bac4e0, 0x00000201a7bab130,
0x00000201a7ba9d80, 0x00000201a7bad890, 0x00000201a7bab7c0, 0x00000201a7baaaa0,
0x00000201a7baa410, 0x00000201a7babe50, 0x00000201a7badf20, 0x00000201a7bae5b0,
0x00000201a7baf2d0, 0x00000201a7baec40, 0x00000201a7baf960, 0x00000201a1a77ef0,
0x00000201a1a79930, 0x00000201a1a78c10
}

Java Threads: ( => current thread )
  0x00000201fcfbbab0 JavaThread "main"                              [_thread_blocked, id=3816, stack(0x0000005277000000,0x0000005277100000) (1024K)]
  0x0000020196901690 JavaThread "Reference Handler"          daemon [_thread_blocked, id=10012, stack(0x0000005277800000,0x0000005277900000) (1024K)]
  0x00000201969022e0 JavaThread "Finalizer"                  daemon [_thread_blocked, id=17584, stack(0x0000005277900000,0x0000005277a00000) (1024K)]
  0x0000020196903210 JavaThread "Signal Dispatcher"          daemon [_thread_blocked, id=17580, stack(0x0000005277a00000,0x0000005277b00000) (1024K)]
  0x0000020196903c60 JavaThread "Attach Listener"            daemon [_thread_blocked, id=18088, stack(0x0000005277b00000,0x0000005277c00000) (1024K)]
  0x0000020196910f30 JavaThread "Service Thread"             daemon [_thread_blocked, id=4916, stack(0x0000005277c00000,0x0000005277d00000) (1024K)]
  0x00000201968ee940 JavaThread "Monitor Deflation Thread"   daemon [_thread_blocked, id=15344, stack(0x0000005277d00000,0x0000005277e00000) (1024K)]
  0x0000020196911cb0 JavaThread "C2 CompilerThread0"         daemon [_thread_blocked, id=17664, stack(0x0000005277e00000,0x0000005277f00000) (1024K)]
  0x0000020196924b30 JavaThread "C1 CompilerThread0"         daemon [_thread_blocked, id=16984, stack(0x0000005277f00000,0x0000005278000000) (1024K)]
  0x00000201966cb770 JavaThread "Common-Cleaner"             daemon [_thread_blocked, id=2444, stack(0x0000005278000000,0x0000005278100000) (1024K)]
  0x000002019b01ade0 JavaThread "Notification Thread"        daemon [_thread_blocked, id=5408, stack(0x0000005278100000,0x0000005278200000) (1024K)]
  0x000002019cc80080 JavaThread "Daemon health stats"               [_thread_blocked, id=2872, stack(0x0000005278a00000,0x0000005278b00000) (1024K)]
  0x000002019cefd590 JavaThread "Incoming local TCP Connector on port 50565"        [_thread_in_native, id=6916, stack(0x0000005278b00000,0x0000005278c00000) (1024K)]
  0x000002019d01c410 JavaThread "Daemon periodic checks"            [_thread_blocked, id=10576, stack(0x0000005278c00000,0x0000005278d00000) (1024K)]
  0x000002019cea4fc0 JavaThread "Cache worker for journal cache (C:\Users\memni\.gradle\caches\journal-1)"        [_thread_blocked, id=11676, stack(0x0000005279500000,0x0000005279600000) (1024K)]
  0x000002019cea5650 JavaThread "File lock request listener"        [_thread_in_native, id=6064, stack(0x0000005279600000,0x0000005279700000) (1024K)]
  0x000002019cea7720 JavaThread "Cache worker for file hash cache (C:\Users\memni\.gradle\caches\8.10.2\fileHashes)"        [_thread_blocked, id=3260, stack(0x0000005279700000,0x0000005279800000) (1024K)]
  0x000002019cea6a00 JavaThread "File watcher server"        daemon [_thread_in_native, id=16796, stack(0x0000005279b00000,0x0000005279c00000) (1024K)]
  0x000002019d3cac60 JavaThread "File watcher consumer"      daemon [_thread_blocked, id=16780, stack(0x0000005279c00000,0x0000005279d00000) (1024K)]
  0x000002019d3c9f40 JavaThread "Cache worker for file content cache (C:\Users\memni\.gradle\caches\8.10.2\fileContent)"        [_thread_blocked, id=15444, stack(0x0000005279e00000,0x0000005279f00000) (1024K)]
  0x000002019d605bc0 JavaThread "Memory manager"                    [_thread_blocked, id=18268, stack(0x000000527b700000,0x000000527b800000) (1024K)]
  0x000002019d6020b0 JavaThread "Daemon Thread 2"                   [_thread_blocked, id=14668, stack(0x0000005276d00000,0x0000005276e00000) (1024K)]
  0x000002019d603460 JavaThread "Handler for socket connection from /127.0.0.1:50565 to /127.0.0.1:51437"        [_thread_in_native, id=1300, stack(0x0000005276e00000,0x0000005276f00000) (1024K)]
  0x000002019d602740 JavaThread "Cancel handler"                    [_thread_blocked, id=15596, stack(0x0000005276f00000,0x0000005277000000) (1024K)]
  0x000002019d602dd0 JavaThread "Daemon worker Thread 2"            [_thread_blocked, id=17932, stack(0x0000005278200000,0x0000005278300000) (1024K)]
  0x000002019d5fffe0 JavaThread "Asynchronous log dispatcher for DefaultDaemonConnection: socket connection from /127.0.0.1:50565 to /127.0.0.1:51437"        [_thread_blocked, id=18172, stack(0x0000005278d00000,0x0000005278e00000) (1024K)]
  0x000002019d603af0 JavaThread "Stdin handler"                     [_thread_blocked, id=2420, stack(0x0000005278e00000,0x0000005278f00000) (1024K)]
  0x000002019d600d00 JavaThread "Daemon client event forwarder"        [_thread_blocked, id=17912, stack(0x0000005278f00000,0x0000005279000000) (1024K)]
  0x000002019d600670 JavaThread "Cache worker for file hash cache (C:\Users\memni\AndroidStudioProjects\spectacleapp\.gradle\8.10.2\fileHashes)"        [_thread_blocked, id=16992, stack(0x0000005279000000,0x0000005279100000) (1024K)]
  0x000002019d604180 JavaThread "Cache worker for Build Output Cleanup Cache (C:\Users\memni\AndroidStudioProjects\spectacleapp\.gradle\buildOutputCleanup)"        [_thread_blocked, id=9212, stack(0x0000005279100000,0x0000005279200000) (1024K)]
  0x000002019d605530 JavaThread "Cache worker for checksums cache (C:\Users\memni\AndroidStudioProjects\spectacleapp\.gradle\8.10.2\checksums)"        [_thread_blocked, id=15424, stack(0x0000005279200000,0x0000005279300000) (1024K)]
  0x000002019d604810 JavaThread "Cache worker for cache directory md-rule (C:\Users\memni\.gradle\caches\8.10.2\md-rule)"        [_thread_blocked, id=4808, stack(0x0000005279300000,0x0000005279400000) (1024K)]
  0x00000201a7ba8340 JavaThread "Cache worker for cache directory md-supplier (C:\Users\memni\.gradle\caches\8.10.2\md-supplier)"        [_thread_blocked, id=15052, stack(0x0000005279800000,0x0000005279900000) (1024K)]
  0x00000201a0cb82f0 JavaThread "C2 CompilerThread1"         daemon [_thread_blocked, id=5404, stack(0x0000005279900000,0x0000005279a00000) (1024K)]
  0x000002019c555370 JavaThread "Unconstrained build operations"        [_thread_blocked, id=4344, stack(0x0000005279a00000,0x0000005279b00000) (1024K)]
  0x000002019c553930 JavaThread "Unconstrained build operations Thread 2"        [_thread_blocked, id=13092, stack(0x0000005279d00000,0x0000005279e00000) (1024K)]
  0x000002019c554650 JavaThread "Unconstrained build operations Thread 3"        [_thread_blocked, id=11456, stack(0x0000005279f00000,0x000000527a000000) (1024K)]
  0x000002019c558160 JavaThread "Unconstrained build operations Thread 4"        [_thread_blocked, id=10748, stack(0x000000527a000000,0x000000527a100000) (1024K)]
  0x000002019c554ce0 JavaThread "Unconstrained build operations Thread 5"        [_thread_blocked, id=17076, stack(0x000000527a100000,0x000000527a200000) (1024K)]
  0x000002019c555a00 JavaThread "Unconstrained build operations Thread 6"        [_thread_blocked, id=7764, stack(0x000000527a200000,0x000000527a300000) (1024K)]
  0x000002019cea7090 JavaThread "Unconstrained build operations Thread 7"        [_thread_blocked, id=9656, stack(0x000000527a300000,0x000000527a400000) (1024K)]
  0x000002019cea42a0 JavaThread "Unconstrained build operations Thread 8"        [_thread_blocked, id=1884, stack(0x000000527a400000,0x000000527a500000) (1024K)]
  0x000002019cea6370 JavaThread "Unconstrained build operations Thread 9"        [_thread_blocked, id=15040, stack(0x000000527a500000,0x000000527a600000) (1024K)]
  0x000002019cea4930 JavaThread "Unconstrained build operations Thread 10"        [_thread_blocked, id=14840, stack(0x000000527a600000,0x000000527a700000) (1024K)]
  0x000002019cea5ce0 JavaThread "Unconstrained build operations Thread 11"        [_thread_blocked, id=8312, stack(0x000000527a700000,0x000000527a800000) (1024K)]
  0x000002019c4293a0 JavaThread "Unconstrained build operations Thread 12"        [_thread_blocked, id=10052, stack(0x000000527a800000,0x000000527a900000) (1024K)]
  0x000002019c429a30 JavaThread "Unconstrained build operations Thread 13"        [_thread_blocked, id=2664, stack(0x000000527a900000,0x000000527aa00000) (1024K)]
  0x000002019c42a0c0 JavaThread "Unconstrained build operations Thread 14"        [_thread_blocked, id=18244, stack(0x000000527aa00000,0x000000527ab00000) (1024K)]
=>0x00000201a0cb89c0 JavaThread "C2 CompilerThread2"         daemon [_thread_in_native, id=11136, stack(0x000000527ab00000,0x000000527ac00000) (1024K)]
  0x000002019c42bb00 JavaThread "build event listener"              [_thread_blocked, id=8124, stack(0x000000527ac00000,0x000000527ad00000) (1024K)]
  0x000002019c428d10 JavaThread "build event listener"              [_thread_blocked, id=1412, stack(0x000000527ad00000,0x000000527ae00000) (1024K)]
  0x000002019c42ade0 JavaThread "included builds"                   [_thread_blocked, id=3164, stack(0x000000527ae00000,0x000000527af00000) (1024K)]
  0x000002019c42b470 JavaThread "Execution worker"                  [_thread_blocked, id=15948, stack(0x000000527af00000,0x000000527b000000) (1024K)]
  0x000002019c42c190 JavaThread "Execution worker Thread 2"         [_thread_blocked, id=2712, stack(0x000000527b000000,0x000000527b100000) (1024K)]
  0x000002019b3a5630 JavaThread "Execution worker Thread 3"         [_thread_blocked, id=17128, stack(0x000000527b100000,0x000000527b200000) (1024K)]
  0x000002019b3a7d90 JavaThread "Execution worker Thread 4"         [_thread_blocked, id=17644, stack(0x000000527b200000,0x000000527b300000) (1024K)]
  0x000002019b3a5cc0 JavaThread "Execution worker Thread 5"         [_thread_in_native, id=2168, stack(0x000000527b300000,0x000000527b400000) (1024K)]
  0x000002019b3a69e0 JavaThread "Execution worker Thread 6"         [_thread_blocked, id=15476, stack(0x000000527b400000,0x000000527b500000) (1024K)]
  0x000002019b3a7070 JavaThread "Execution worker Thread 7"         [_thread_blocked, id=16008, stack(0x000000527b500000,0x000000527b600000) (1024K)]
  0x000002019b3a7700 JavaThread "Cache worker for execution history cache (C:\Users\memni\AndroidStudioProjects\spectacleapp\.gradle\8.10.2\executionHistory)"        [_thread_blocked, id=10124, stack(0x000000527b600000,0x000000527b700000) (1024K)]
  0x000002019b3a6350 JavaThread "Unconstrained build operations Thread 15"        [_thread_blocked, id=3340, stack(0x000000527b800000,0x000000527b900000) (1024K)]
  0x000002019b3a4fa0 JavaThread "Unconstrained build operations Thread 16"        [_thread_blocked, id=6428, stack(0x000000527b900000,0x000000527ba00000) (1024K)]
  0x000002019b3aab80 JavaThread "Unconstrained build operations Thread 17"        [_thread_blocked, id=1696, stack(0x000000527ba00000,0x000000527bb00000) (1024K)]
  0x000002019b3ab210 JavaThread "Unconstrained build operations Thread 18"        [_thread_blocked, id=3556, stack(0x000000527bb00000,0x000000527bc00000) (1024K)]
  0x000002019b3a9140 JavaThread "Unconstrained build operations Thread 19"        [_thread_blocked, id=352, stack(0x000000527bc00000,0x000000527bd00000) (1024K)]
  0x000002019b3a97d0 JavaThread "Unconstrained build operations Thread 20"        [_thread_blocked, id=18324, stack(0x000000527bd00000,0x000000527be00000) (1024K)]
  0x000002019b3a8ab0 JavaThread "Unconstrained build operations Thread 21"        [_thread_blocked, id=17712, stack(0x000000527be00000,0x000000527bf00000) (1024K)]
  0x000002019b3a9e60 JavaThread "Unconstrained build operations Thread 22"        [_thread_blocked, id=2000, stack(0x000000527bf00000,0x000000527c000000) (1024K)]
  0x000002019b3ab8a0 JavaThread "Unconstrained build operations Thread 23"        [_thread_blocked, id=15128, stack(0x000000527c000000,0x000000527c100000) (1024K)]
  0x000002019b3aa4f0 JavaThread "Unconstrained build operations Thread 24"        [_thread_blocked, id=13480, stack(0x000000527c100000,0x000000527c200000) (1024K)]
  0x000002019b3a8420 JavaThread "Unconstrained build operations Thread 25"        [_thread_blocked, id=1032, stack(0x000000527c200000,0x000000527c300000) (1024K)]
  0x000002019b3abf30 JavaThread "Unconstrained build operations Thread 26"        [_thread_blocked, id=4124, stack(0x000000527c300000,0x000000527c400000) (1024K)]
  0x000002019b3ac5c0 JavaThread "Unconstrained build operations Thread 27"        [_thread_blocked, id=15960, stack(0x000000527c400000,0x000000527c500000) (1024K)]
  0x00000201a7ba9060 JavaThread "Unconstrained build operations Thread 28"        [_thread_blocked, id=15272, stack(0x000000527c500000,0x000000527c600000) (1024K)]
  0x00000201a7bac4e0 JavaThread "Unconstrained build operations Thread 29"        [_thread_blocked, id=9856, stack(0x000000527c600000,0x000000527c700000) (1024K)]
  0x00000201a7bab130 JavaThread "Unconstrained build operations Thread 30"        [_thread_blocked, id=16768, stack(0x000000527c700000,0x000000527c800000) (1024K)]
  0x00000201a7ba9d80 JavaThread "Unconstrained build operations Thread 31"        [_thread_blocked, id=15408, stack(0x000000527c800000,0x000000527c900000) (1024K)]
  0x00000201a7bad890 JavaThread "Unconstrained build operations Thread 32"        [_thread_blocked, id=16200, stack(0x000000527c900000,0x000000527ca00000) (1024K)]
  0x00000201a7bab7c0 JavaThread "Unconstrained build operations Thread 33"        [_thread_blocked, id=18280, stack(0x000000527ca00000,0x000000527cb00000) (1024K)]
  0x00000201a7baaaa0 JavaThread "Unconstrained build operations Thread 34"        [_thread_blocked, id=15376, stack(0x000000527cb00000,0x000000527cc00000) (1024K)]
  0x00000201a7baa410 JavaThread "Unconstrained build operations Thread 35"        [_thread_blocked, id=4664, stack(0x000000527cc00000,0x000000527cd00000) (1024K)]
  0x00000201a7babe50 JavaThread "Unconstrained build operations Thread 36"        [_thread_blocked, id=13844, stack(0x000000527cd00000,0x000000527ce00000) (1024K)]
  0x00000201a7badf20 JavaThread "Cache worker for Java compile cache (C:\Users\memni\.gradle\caches\8.10.2\javaCompile)"        [_thread_blocked, id=8396, stack(0x000000527ce00000,0x000000527cf00000) (1024K)]
  0x00000201a7bae5b0 JavaThread "Build operations"                  [_thread_blocked, id=16876, stack(0x000000527cf00000,0x000000527d000000) (1024K)]
  0x00000201a7baf2d0 JavaThread "Build operations Thread 2"         [_thread_blocked, id=16908, stack(0x000000527d000000,0x000000527d100000) (1024K)]
  0x00000201a7baec40 JavaThread "Build operations Thread 3"         [_thread_blocked, id=17164, stack(0x000000527d100000,0x000000527d200000) (1024K)]
  0x00000201a7baf960 JavaThread "Build operations Thread 4"         [_thread_blocked, id=16564, stack(0x000000527d200000,0x000000527d300000) (1024K)]
  0x00000201a1a77ef0 JavaThread "Build operations Thread 5"         [_thread_blocked, id=7436, stack(0x000000527d300000,0x000000527d400000) (1024K)]
  0x00000201a1a79930 JavaThread "Build operations Thread 6"         [_thread_blocked, id=10616, stack(0x000000527d400000,0x000000527d500000) (1024K)]
  0x00000201a1a78c10 JavaThread "Build operations Thread 7"         [_thread_blocked, id=16308, stack(0x000000527d500000,0x000000527d600000) (1024K)]
Total: 90

Other Threads:
  0x0000020196845290 VMThread "VM Thread"                           [id=8636, stack(0x0000005277700000,0x0000005277800000) (1024K)]
  0x00000201968049d0 WatcherThread "VM Periodic Task Thread"        [id=18040, stack(0x0000005277600000,0x0000005277700000) (1024K)]
  0x00000201fd016010 WorkerThread "GC Thread#0"                     [id=1552, stack(0x0000005277100000,0x0000005277200000) (1024K)]
  0x000002019b44d8d0 WorkerThread "GC Thread#1"                     [id=18072, stack(0x0000005278400000,0x0000005278500000) (1024K)]
  0x000002019b3dcf10 WorkerThread "GC Thread#2"                     [id=8392, stack(0x0000005278500000,0x0000005278600000) (1024K)]
  0x000002019b3dd6c0 WorkerThread "GC Thread#3"                     [id=11800, stack(0x0000005278600000,0x0000005278700000) (1024K)]
  0x000002019b49d880 WorkerThread "GC Thread#4"                     [id=16328, stack(0x0000005278700000,0x0000005278800000) (1024K)]
  0x000002019b49dc20 WorkerThread "GC Thread#5"                     [id=6904, stack(0x0000005278800000,0x0000005278900000) (1024K)]
  0x000002019cce2b00 WorkerThread "GC Thread#6"                     [id=15292, stack(0x0000005278300000,0x0000005278400000) (1024K)]
  0x000002019cce2ea0 WorkerThread "GC Thread#7"                     [id=2292, stack(0x0000005278900000,0x0000005278a00000) (1024K)]
  0x00000201fd027d40 ConcurrentGCThread "G1 Main Marker"            [id=16524, stack(0x0000005277200000,0x0000005277300000) (1024K)]
  0x00000201fd028ef0 WorkerThread "G1 Conc#0"                       [id=17940, stack(0x0000005277300000,0x0000005277400000) (1024K)]
  0x000002019cf54440 WorkerThread "G1 Conc#1"                       [id=18340, stack(0x0000005279400000,0x0000005279500000) (1024K)]
  0x00000201fd07e8e0 ConcurrentGCThread "G1 Refine#0"               [id=17948, stack(0x0000005277400000,0x0000005277500000) (1024K)]
  0x000002019659f710 ConcurrentGCThread "G1 Service"                [id=18100, stack(0x0000005277500000,0x0000005277600000) (1024K)]
Total: 15

Threads with active compile tasks:
C2 CompilerThread2  1672801 17404       4       org.gradle.internal.serialize.HierarchicalNameSerializer::readFirstOccurrenceOfName (60 bytes)
Total: 1

VM state: not at safepoint (normal execution)

VM Mutex/Monitor currently owned by a thread: None

Heap address: 0x0000000080000000, size: 2048 MB, Compressed Oops mode: 32-bit

CDS archive(s) not mapped
Compressed class space mapped at: 0x0000000100000000-0x0000000140000000, reserved size: 1073741824
Narrow klass base: 0x0000000000000000, Narrow klass shift: 3, Narrow klass range: 0x140000000

GC Precious Log:
 CardTable entry size: 512
 Card Set container configuration: InlinePtr #cards 5 size 8 Array Of Cards #cards 12 size 40 Howl #buckets 4 coarsen threshold 1843 Howl Bitmap #cards 512 size 80 coarsen threshold 460 Card regions per heap region 1 cards per card region 2048
 CPUs: 8 total, 8 available
 Memory: 16219M
 Large Page Support: Disabled
 NUMA Support: Disabled
 Compressed Oops: Enabled (32-bit)
 Heap Region Size: 1M
 Heap Min Capacity: 8M
 Heap Initial Capacity: 254M
 Heap Max Capacity: 2G
 Pre-touch: Disabled
 Parallel Workers: 8
 Concurrent Workers: 2
 Concurrent Refinement Workers: 8
 Periodic GC: Disabled

Heap:
 garbage-first heap   total 261120K, used 157085K [0x0000000080000000, 0x0000000100000000)
  region size 1024K, 4 young (4096K), 2 survivors (2048K)
 Metaspace       used 122216K, committed 124352K, reserved 1179648K
  class space    used 16431K, committed 17536K, reserved 1048576K

Heap Regions: E=young(eden), S=young(survivor), O=old, HS=humongous(starts), HC=humongous(continues), CS=collection set, F=free, TAMS=top-at-mark-start, PB=parsable bottom
|   0|0x0000000080000000, 0x0000000080100000, 0x0000000080100000|100%| O|  |TAMS 0x0000000080100000| PB 0x0000000080000000| Untracked 
|   1|0x0000000080100000, 0x0000000080200000, 0x0000000080200000|100%| O|  |TAMS 0x0000000080200000| PB 0x0000000080100000| Updating 
|   2|0x0000000080200000, 0x0000000080300000, 0x0000000080300000|100%|HS|  |TAMS 0x0000000080300000| PB 0x0000000080200000| Complete 
|   3|0x0000000080300000, 0x0000000080400000, 0x0000000080400000|100%|HC|  |TAMS 0x0000000080400000| PB 0x0000000080300000| Complete 
|   4|0x0000000080400000, 0x0000000080500000, 0x0000000080500000|100%|HC|  |TAMS 0x0000000080500000| PB 0x0000000080400000| Complete 
|   5|0x0000000080500000, 0x0000000080600000, 0x0000000080600000|100%|HC|  |TAMS 0x0000000080600000| PB 0x0000000080500000| Complete 
|   6|0x0000000080600000, 0x0000000080700000, 0x0000000080700000|100%| O|  |TAMS 0x0000000080700000| PB 0x0000000080600000| Updating 
|   7|0x0000000080700000, 0x0000000080800000, 0x0000000080800000|100%| O|  |TAMS 0x0000000080800000| PB 0x0000000080700000| Untracked 
|   8|0x0000000080800000, 0x0000000080900000, 0x0000000080900000|100%| O|  |TAMS 0x0000000080900000| PB 0x0000000080800000| Untracked 
|   9|0x0000000080900000, 0x0000000080a00000, 0x0000000080a00000|100%|HS|  |TAMS 0x0000000080a00000| PB 0x0000000080900000| Complete 
|  10|0x0000000080a00000, 0x0000000080b00000, 0x0000000080b00000|100%| O|  |TAMS 0x0000000080b00000| PB 0x0000000080a00000| Untracked 
|  11|0x0000000080b00000, 0x0000000080c00000, 0x0000000080c00000|100%| O|  |TAMS 0x0000000080c00000| PB 0x0000000080b00000| Untracked 
|  12|0x0000000080c00000, 0x0000000080d00000, 0x0000000080d00000|100%| O|  |TAMS 0x0000000080d00000| PB 0x0000000080c00000| Untracked 
|  13|0x0000000080d00000, 0x0000000080e00000, 0x0000000080e00000|100%| O|  |TAMS 0x0000000080e00000| PB 0x0000000080d00000| Untracked 
|  14|0x0000000080e00000, 0x0000000080f00000, 0x0000000080f00000|100%| O|  |TAMS 0x0000000080f00000| PB 0x0000000080e00000| Untracked 
|  15|0x0000000080f00000, 0x0000000081000000, 0x0000000081000000|100%| O|  |TAMS 0x0000000081000000| PB 0x0000000080f00000| Untracked 
|  16|0x0000000081000000, 0x0000000081100000, 0x0000000081100000|100%| O|  |TAMS 0x0000000081100000| PB 0x0000000081000000| Untracked 
|  17|0x0000000081100000, 0x0000000081200000, 0x0000000081200000|100%| O|  |TAMS 0x0000000081200000| PB 0x0000000081100000| Untracked 
|  18|0x0000000081200000, 0x0000000081300000, 0x0000000081300000|100%| O|  |TAMS 0x0000000081300000| PB 0x0000000081200000| Untracked 
|  19|0x0000000081300000, 0x0000000081400000, 0x0000000081400000|100%| O|  |TAMS 0x0000000081400000| PB 0x0000000081300000| Untracked 
|  20|0x0000000081400000, 0x0000000081500000, 0x0000000081500000|100%| O|  |TAMS 0x0000000081500000| PB 0x0000000081400000| Untracked 
|  21|0x0000000081500000, 0x0000000081600000, 0x0000000081600000|100%| O|  |TAMS 0x0000000081600000| PB 0x0000000081500000| Updating 
|  22|0x0000000081600000, 0x0000000081700000, 0x0000000081700000|100%| O|  |TAMS 0x0000000081700000| PB 0x0000000081600000| Updating 
|  23|0x0000000081700000, 0x0000000081800000, 0x0000000081800000|100%| O|  |TAMS 0x0000000081700000| PB 0x0000000081700000| Untracked 
|  24|0x0000000081800000, 0x0000000081900000, 0x0000000081900000|100%| O|  |TAMS 0x0000000081900000| PB 0x0000000081800000| Untracked 
|  25|0x0000000081900000, 0x0000000081a00000, 0x0000000081a00000|100%| O|  |TAMS 0x0000000081a00000| PB 0x0000000081900000| Untracked 
|  26|0x0000000081a00000, 0x0000000081b00000, 0x0000000081b00000|100%| O|  |TAMS 0x0000000081b00000| PB 0x0000000081a00000| Untracked 
|  27|0x0000000081b00000, 0x0000000081c00000, 0x0000000081c00000|100%| O|  |TAMS 0x0000000081c00000| PB 0x0000000081b00000| Untracked 
|  28|0x0000000081c00000, 0x0000000081d00000, 0x0000000081d00000|100%| O|  |TAMS 0x0000000081d00000| PB 0x0000000081c00000| Updating 
|  29|0x0000000081d00000, 0x0000000081e00000, 0x0000000081e00000|100%| O|  |TAMS 0x0000000081e00000| PB 0x0000000081d00000| Untracked 
|  30|0x0000000081e00000, 0x0000000081f00000, 0x0000000081f00000|100%| O|  |TAMS 0x0000000081f00000| PB 0x0000000081e00000| Updating 
|  31|0x0000000081f00000, 0x0000000082000000, 0x0000000082000000|100%| O|  |TAMS 0x0000000082000000| PB 0x0000000081f00000| Updating 
|  32|0x0000000082000000, 0x0000000082100000, 0x0000000082100000|100%| O|  |TAMS 0x0000000082100000| PB 0x0000000082000000| Untracked 
|  33|0x0000000082100000, 0x0000000082200000, 0x0000000082200000|100%| O|  |TAMS 0x0000000082100000| PB 0x0000000082100000| Untracked 
|  34|0x0000000082200000, 0x0000000082300000, 0x0000000082300000|100%| O|  |TAMS 0x0000000082200000| PB 0x0000000082200000| Untracked 
|  35|0x0000000082300000, 0x0000000082400000, 0x0000000082400000|100%| O|  |TAMS 0x0000000082400000| PB 0x0000000082300000| Untracked 
|  36|0x0000000082400000, 0x0000000082500000, 0x0000000082500000|100%| O|  |TAMS 0x0000000082500000| PB 0x0000000082400000| Untracked 
|  37|0x0000000082500000, 0x0000000082600000, 0x0000000082600000|100%| O|  |TAMS 0x0000000082600000| PB 0x0000000082500000| Updating 
|  38|0x0000000082600000, 0x0000000082700000, 0x0000000082700000|100%| O|  |TAMS 0x0000000082700000| PB 0x0000000082600000| Untracked 
|  39|0x0000000082700000, 0x0000000082800000, 0x0000000082800000|100%| O|  |TAMS 0x0000000082800000| PB 0x0000000082700000| Updating 
|  40|0x0000000082800000, 0x0000000082900000, 0x0000000082900000|100%| O|  |TAMS 0x0000000082900000| PB 0x0000000082800000| Untracked 
|  41|0x0000000082900000, 0x0000000082a00000, 0x0000000082a00000|100%| O|  |TAMS 0x0000000082a00000| PB 0x0000000082900000| Updating 
|  42|0x0000000082a00000, 0x0000000082b00000, 0x0000000082b00000|100%| O|  |TAMS 0x0000000082b00000| PB 0x0000000082a00000| Untracked 
|  43|0x0000000082b00000, 0x0000000082c00000, 0x0000000082c00000|100%| O|  |TAMS 0x0000000082c00000| PB 0x0000000082b00000| Updating 
|  44|0x0000000082c00000, 0x0000000082d00000, 0x0000000082d00000|100%| O|  |TAMS 0x0000000082d00000| PB 0x0000000082c00000| Updating 
|  45|0x0000000082d00000, 0x0000000082e00000, 0x0000000082e00000|100%| O|  |TAMS 0x0000000082e00000| PB 0x0000000082d00000| Updating 
|  46|0x0000000082e00000, 0x0000000082f00000, 0x0000000082f00000|100%| O|  |TAMS 0x0000000082f00000| PB 0x0000000082e00000| Untracked 
|  47|0x0000000082f00000, 0x0000000083000000, 0x0000000083000000|100%| O|  |TAMS 0x0000000083000000| PB 0x0000000082f00000| Updating 
|  48|0x0000000083000000, 0x0000000083100000, 0x0000000083100000|100%| O|  |TAMS 0x0000000083100000| PB 0x0000000083000000| Updating 
|  49|0x0000000083100000, 0x0000000083200000, 0x0000000083200000|100%| O|  |TAMS 0x0000000083200000| PB 0x0000000083100000| Untracked 
|  50|0x0000000083200000, 0x0000000083300000, 0x0000000083300000|100%| O|  |TAMS 0x0000000083300000| PB 0x0000000083200000| Updating 
|  51|0x0000000083300000, 0x0000000083400000, 0x0000000083400000|100%|HS|  |TAMS 0x0000000083400000| PB 0x0000000083300000| Complete 
|  52|0x0000000083400000, 0x0000000083500000, 0x0000000083500000|100%|HS|  |TAMS 0x0000000083500000| PB 0x0000000083400000| Complete 
|  53|0x0000000083500000, 0x0000000083600000, 0x0000000083600000|100%|HS|  |TAMS 0x0000000083600000| PB 0x0000000083500000| Complete 
|  54|0x0000000083600000, 0x0000000083700000, 0x0000000083700000|100%|HS|  |TAMS 0x0000000083700000| PB 0x0000000083600000| Complete 
|  55|0x0000000083700000, 0x0000000083800000, 0x0000000083800000|100%|HC|  |TAMS 0x0000000083800000| PB 0x0000000083700000| Complete 
|  56|0x0000000083800000, 0x0000000083900000, 0x0000000083900000|100%|HS|  |TAMS 0x0000000083900000| PB 0x0000000083800000| Complete 
|  57|0x0000000083900000, 0x0000000083a00000, 0x0000000083a00000|100%|HC|  |TAMS 0x0000000083a00000| PB 0x0000000083900000| Complete 
|  58|0x0000000083a00000, 0x0000000083b00000, 0x0000000083b00000|100%|HS|  |TAMS 0x0000000083b00000| PB 0x0000000083a00000| Complete 
|  59|0x0000000083b00000, 0x0000000083c00000, 0x0000000083c00000|100%|HC|  |TAMS 0x0000000083c00000| PB 0x0000000083b00000| Complete 
|  60|0x0000000083c00000, 0x0000000083d00000, 0x0000000083d00000|100%|HC|  |TAMS 0x0000000083d00000| PB 0x0000000083c00000| Complete 
|  61|0x0000000083d00000, 0x0000000083e00000, 0x0000000083e00000|100%|HC|  |TAMS 0x0000000083e00000| PB 0x0000000083d00000| Complete 
|  62|0x0000000083e00000, 0x0000000083f00000, 0x0000000083f00000|100%|HS|  |TAMS 0x0000000083f00000| PB 0x0000000083e00000| Complete 
|  63|0x0000000083f00000, 0x0000000084000000, 0x0000000084000000|100%| O|  |TAMS 0x0000000084000000| PB 0x0000000083f00000| Untracked 
|  64|0x0000000084000000, 0x0000000084100000, 0x0000000084100000|100%|HS|  |TAMS 0x0000000084100000| PB 0x0000000084000000| Complete 
|  65|0x0000000084100000, 0x0000000084200000, 0x0000000084200000|100%|HS|  |TAMS 0x0000000084200000| PB 0x0000000084100000| Complete 
|  66|0x0000000084200000, 0x0000000084300000, 0x0000000084300000|100%| O|  |TAMS 0x0000000084300000| PB 0x0000000084200000| Updating 
|  67|0x0000000084300000, 0x0000000084400000, 0x0000000084400000|100%| O|  |TAMS 0x0000000084400000| PB 0x0000000084300000| Untracked 
|  68|0x0000000084400000, 0x0000000084500000, 0x0000000084500000|100%| O|  |TAMS 0x0000000084500000| PB 0x0000000084400000| Updating 
|  69|0x0000000084500000, 0x0000000084600000, 0x0000000084600000|100%| O|  |TAMS 0x0000000084500000| PB 0x0000000084500000| Untracked 
|  70|0x0000000084600000, 0x0000000084700000, 0x0000000084700000|100%| O|  |TAMS 0x0000000084600000| PB 0x0000000084600000| Untracked 
|  71|0x0000000084700000, 0x0000000084800000, 0x0000000084800000|100%| O|  |TAMS 0x0000000084800000| PB 0x0000000084700000| Updating 
|  72|0x0000000084800000, 0x0000000084900000, 0x0000000084900000|100%| O|  |TAMS 0x0000000084900000| PB 0x0000000084800000| Untracked 
|  73|0x0000000084900000, 0x0000000084a00000, 0x0000000084a00000|100%|HS|  |TAMS 0x0000000084a00000| PB 0x0000000084900000| Complete 
|  74|0x0000000084a00000, 0x0000000084b00000, 0x0000000084b00000|100%| O|  |TAMS 0x0000000084b00000| PB 0x0000000084a00000| Untracked 
|  75|0x0000000084b00000, 0x0000000084c00000, 0x0000000084c00000|100%| O|  |TAMS 0x0000000084c00000| PB 0x0000000084b00000| Updating 
|  76|0x0000000084c00000, 0x0000000084d00000, 0x0000000084d00000|100%|HS|  |TAMS 0x0000000084d00000| PB 0x0000000084c00000| Complete 
|  77|0x0000000084d00000, 0x0000000084e00000, 0x0000000084e00000|100%|HC|  |TAMS 0x0000000084e00000| PB 0x0000000084d00000| Complete 
|  78|0x0000000084e00000, 0x0000000084f00000, 0x0000000084f00000|100%|HC|  |TAMS 0x0000000084f00000| PB 0x0000000084e00000| Complete 
|  79|0x0000000084f00000, 0x0000000085000000, 0x0000000085000000|100%|HC|  |TAMS 0x0000000085000000| PB 0x0000000084f00000| Complete 
|  80|0x0000000085000000, 0x0000000085100000, 0x0000000085100000|100%| O|  |TAMS 0x0000000085100000| PB 0x0000000085000000| Updating 
|  81|0x0000000085100000, 0x0000000085200000, 0x0000000085200000|100%| O|  |TAMS 0x0000000085200000| PB 0x0000000085200000| Updating 
|  82|0x0000000085200000, 0x0000000085300000, 0x0000000085300000|100%| O|  |TAMS 0x0000000085300000| PB 0x0000000085300000| Updating 
|  83|0x0000000085300000, 0x0000000085400000, 0x0000000085400000|100%| O|  |TAMS 0x0000000085400000| PB 0x0000000085400000| Updating 
|  84|0x0000000085400000, 0x0000000085500000, 0x0000000085500000|100%| O|  |TAMS 0x0000000085400000| PB 0x0000000085400000| Untracked 
|  85|0x0000000085500000, 0x0000000085600000, 0x0000000085600000|100%| O|  |TAMS 0x0000000085500000| PB 0x0000000085500000| Untracked 
|  86|0x0000000085600000, 0x0000000085700000, 0x0000000085700000|100%| O|  |TAMS 0x0000000085700000| PB 0x0000000085700000| Updating 
|  87|0x0000000085700000, 0x0000000085800000, 0x0000000085800000|100%| O|  |TAMS 0x0000000085800000| PB 0x0000000085800000| Updating 
|  88|0x0000000085800000, 0x0000000085900000, 0x0000000085900000|100%| O|  |TAMS 0x0000000085900000| PB 0x0000000085900000| Updating 
|  89|0x0000000085900000, 0x0000000085a00000, 0x0000000085a00000|100%| O|  |TAMS 0x0000000085a00000| PB 0x0000000085a00000| Updating 
|  90|0x0000000085a00000, 0x0000000085b00000, 0x0000000085b00000|100%| O|  |TAMS 0x0000000085b00000| PB 0x0000000085b00000| Updating 
|  91|0x0000000085b00000, 0x0000000085c00000, 0x0000000085c00000|100%| O|  |TAMS 0x0000000085c00000| PB 0x0000000085c00000| Updating 
|  92|0x0000000085c00000, 0x0000000085d00000, 0x0000000085d00000|100%| O|  |TAMS 0x0000000085d00000| PB 0x0000000085d00000| Updating 
|  93|0x0000000085d00000, 0x0000000085e00000, 0x0000000085e00000|100%| O|  |TAMS 0x0000000085e00000| PB 0x0000000085e00000| Updating 
|  94|0x0000000085e00000, 0x0000000085f00000, 0x0000000085f00000|100%| O|  |TAMS 0x0000000085f00000| PB 0x0000000085f00000| Untracked 
|  95|0x0000000085f00000, 0x0000000086000000, 0x0000000086000000|100%| O|  |TAMS 0x0000000086000000| PB 0x0000000086000000| Untracked 
|  96|0x0000000086000000, 0x0000000086100000, 0x0000000086100000|100%| O|  |TAMS 0x0000000086100000| PB 0x0000000086100000| Updating 
|  97|0x0000000086100000, 0x0000000086200000, 0x0000000086200000|100%| O|  |TAMS 0x0000000086200000| PB 0x0000000086200000| Updating 
|  98|0x0000000086200000, 0x0000000086300000, 0x0000000086300000|100%| O|  |TAMS 0x0000000086300000| PB 0x0000000086300000| Untracked 
|  99|0x0000000086300000, 0x0000000086400000, 0x0000000086400000|100%| O|  |TAMS 0x0000000086400000| PB 0x0000000086400000| Updating 
| 100|0x0000000086400000, 0x0000000086500000, 0x0000000086500000|100%| O|  |TAMS 0x0000000086500000| PB 0x0000000086500000| Untracked 
| 101|0x0000000086500000, 0x0000000086600000, 0x0000000086600000|100%| O|  |TAMS 0x0000000086600000| PB 0x0000000086600000| Updating 
| 102|0x0000000086600000, 0x0000000086700000, 0x0000000086700000|100%| O|  |TAMS 0x0000000086600000| PB 0x0000000086600000| Untracked 
| 103|0x0000000086700000, 0x0000000086797380, 0x0000000086800000| 59%| O|  |TAMS 0x0000000086700000| PB 0x0000000086700000| Updating 
| 104|0x0000000086800000, 0x0000000086900000, 0x0000000086900000|100%|HS|  |TAMS 0x0000000086800000| PB 0x0000000086800000| Complete 
| 105|0x0000000086900000, 0x0000000086a00000, 0x0000000086a00000|100%|HC|  |TAMS 0x0000000086900000| PB 0x0000000086900000| Complete 
| 106|0x0000000086a00000, 0x0000000086b00000, 0x0000000086b00000|100%| O|  |TAMS 0x0000000086b00000| PB 0x0000000086b00000| Updating 
| 107|0x0000000086b00000, 0x0000000086c00000, 0x0000000086c00000|100%| O|  |TAMS 0x0000000086c00000| PB 0x0000000086c00000| Updating 
| 108|0x0000000086c00000, 0x0000000086d00000, 0x0000000086d00000|100%| O|  |TAMS 0x0000000086d00000| PB 0x0000000086d00000| Updating 
| 109|0x0000000086d00000, 0x0000000086e00000, 0x0000000086e00000|100%| O|  |TAMS 0x0000000086e00000| PB 0x0000000086e00000| Updating 
| 110|0x0000000086e00000, 0x0000000086f00000, 0x0000000086f00000|100%| O|  |TAMS 0x0000000086f00000| PB 0x0000000086f00000| Updating 
| 111|0x0000000086f00000, 0x0000000086f00000, 0x0000000087000000|  0%| F|  |TAMS 0x0000000086f00000| PB 0x0000000086f00000| Untracked 
| 112|0x0000000087000000, 0x0000000087100000, 0x0000000087100000|100%| O|  |TAMS 0x0000000087100000| PB 0x0000000087100000| Updating 
| 113|0x0000000087100000, 0x0000000087200000, 0x0000000087200000|100%| O|  |TAMS 0x0000000087200000| PB 0x0000000087200000| Untracked 
| 114|0x0000000087200000, 0x0000000087200000, 0x0000000087300000|  0%| F|  |TAMS 0x0000000087200000| PB 0x0000000087200000| Untracked 
| 115|0x0000000087300000, 0x0000000087400000, 0x0000000087400000|100%| O|  |TAMS 0x0000000087400000| PB 0x0000000087400000| Updating 
| 116|0x0000000087400000, 0x0000000087500000, 0x0000000087500000|100%| O|  |TAMS 0x0000000087500000| PB 0x0000000087500000| Updating 
| 117|0x0000000087500000, 0x0000000087600000, 0x0000000087600000|100%| O|  |TAMS 0x0000000087600000| PB 0x0000000087600000| Untracked 
| 118|0x0000000087600000, 0x0000000087700000, 0x0000000087700000|100%| O|  |TAMS 0x0000000087700000| PB 0x0000000087700000| Updating 
| 119|0x0000000087700000, 0x0000000087800000, 0x0000000087800000|100%| O|  |TAMS 0x0000000087800000| PB 0x0000000087800000| Updating 
| 120|0x0000000087800000, 0x0000000087900000, 0x0000000087900000|100%| O|  |TAMS 0x0000000087900000| PB 0x0000000087900000| Updating 
| 121|0x0000000087900000, 0x0000000087a00000, 0x0000000087a00000|100%| O|  |TAMS 0x0000000087a00000| PB 0x0000000087a00000| Updating 
| 122|0x0000000087a00000, 0x0000000087b00000, 0x0000000087b00000|100%| O|  |TAMS 0x0000000087b00000| PB 0x0000000087b00000| Updating 
| 123|0x0000000087b00000, 0x0000000087c00000, 0x0000000087c00000|100%| O|  |TAMS 0x0000000087c00000| PB 0x0000000087c00000| Updating 
| 124|0x0000000087c00000, 0x0000000087d00000, 0x0000000087d00000|100%| O|  |TAMS 0x0000000087d00000| PB 0x0000000087d00000| Updating 
| 125|0x0000000087d00000, 0x0000000087e00000, 0x0000000087e00000|100%| O|  |TAMS 0x0000000087e00000| PB 0x0000000087e00000| Updating 
| 126|0x0000000087e00000, 0x0000000087f00000, 0x0000000087f00000|100%| O|  |TAMS 0x0000000087f00000| PB 0x0000000087f00000| Untracked 
| 127|0x0000000087f00000, 0x0000000088000000, 0x0000000088000000|100%| O|  |TAMS 0x0000000088000000| PB 0x0000000088000000| Updating 
| 128|0x0000000088000000, 0x0000000088100000, 0x0000000088100000|100%| O|  |TAMS 0x0000000088100000| PB 0x0000000088100000| Updating 
| 129|0x0000000088100000, 0x0000000088200000, 0x0000000088200000|100%| O|  |TAMS 0x0000000088200000| PB 0x0000000088200000| Updating 
| 130|0x0000000088200000, 0x0000000088300000, 0x0000000088300000|100%| O|  |TAMS 0x0000000088300000| PB 0x0000000088300000| Updating 
| 131|0x0000000088300000, 0x0000000088400000, 0x0000000088400000|100%| O|  |TAMS 0x0000000088400000| PB 0x0000000088400000| Updating 
| 132|0x0000000088400000, 0x0000000088500000, 0x0000000088500000|100%| O|  |TAMS 0x0000000088500000| PB 0x0000000088500000| Untracked 
| 133|0x0000000088500000, 0x0000000088500000, 0x0000000088600000|  0%| F|  |TAMS 0x0000000088500000| PB 0x0000000088500000| Untracked 
| 134|0x0000000088600000, 0x0000000088600000, 0x0000000088700000|  0%| F|  |TAMS 0x0000000088600000| PB 0x0000000088600000| Untracked 
| 135|0x0000000088700000, 0x0000000088700000, 0x0000000088800000|  0%| F|  |TAMS 0x0000000088700000| PB 0x0000000088700000| Untracked 
| 136|0x0000000088800000, 0x0000000088800000, 0x0000000088900000|  0%| F|  |TAMS 0x0000000088800000| PB 0x0000000088800000| Untracked 
| 137|0x0000000088900000, 0x0000000088900000, 0x0000000088a00000|  0%| F|  |TAMS 0x0000000088900000| PB 0x0000000088900000| Untracked 
| 138|0x0000000088a00000, 0x0000000088b00000, 0x0000000088b00000|100%| O|  |TAMS 0x0000000088b00000| PB 0x0000000088b00000| Untracked 
| 139|0x0000000088b00000, 0x0000000088c00000, 0x0000000088c00000|100%| O|  |TAMS 0x0000000088c00000| PB 0x0000000088c00000| Untracked 
| 140|0x0000000088c00000, 0x0000000088d00000, 0x0000000088d00000|100%| O|  |TAMS 0x0000000088d00000| PB 0x0000000088d00000| Untracked 
| 141|0x0000000088d00000, 0x0000000088e00000, 0x0000000088e00000|100%| O|  |TAMS 0x0000000088e00000| PB 0x0000000088e00000| Untracked 
| 142|0x0000000088e00000, 0x0000000088f00000, 0x0000000088f00000|100%| O|  |TAMS 0x0000000088f00000| PB 0x0000000088f00000| Untracked 
| 143|0x0000000088f00000, 0x0000000089000000, 0x0000000089000000|100%| O|  |TAMS 0x0000000089000000| PB 0x0000000089000000| Untracked 
| 144|0x0000000089000000, 0x0000000089100000, 0x0000000089100000|100%| O|  |TAMS 0x0000000089100000| PB 0x0000000089100000| Untracked 
| 145|0x0000000089100000, 0x0000000089200000, 0x0000000089200000|100%| O|  |TAMS 0x0000000089200000| PB 0x0000000089200000| Untracked 
| 146|0x0000000089200000, 0x0000000089300000, 0x0000000089300000|100%| O|  |TAMS 0x0000000089300000| PB 0x0000000089300000| Untracked 
| 147|0x0000000089300000, 0x0000000089300000, 0x0000000089400000|  0%| F|  |TAMS 0x0000000089300000| PB 0x0000000089300000| Untracked 
| 148|0x0000000089400000, 0x0000000089400000, 0x0000000089500000|  0%| F|  |TAMS 0x0000000089400000| PB 0x0000000089400000| Untracked 
| 149|0x0000000089500000, 0x0000000089500000, 0x0000000089600000|  0%| F|  |TAMS 0x0000000089500000| PB 0x0000000089500000| Untracked 
| 150|0x0000000089600000, 0x0000000089600000, 0x0000000089700000|  0%| F|  |TAMS 0x0000000089600000| PB 0x0000000089600000| Untracked 
| 151|0x0000000089700000, 0x0000000089700000, 0x0000000089800000|  0%| F|  |TAMS 0x0000000089700000| PB 0x0000000089700000| Untracked 
| 152|0x0000000089800000, 0x0000000089800000, 0x0000000089900000|  0%| F|  |TAMS 0x0000000089800000| PB 0x0000000089800000| Untracked 
| 153|0x0000000089900000, 0x0000000089900000, 0x0000000089a00000|  0%| F|  |TAMS 0x0000000089900000| PB 0x0000000089900000| Untracked 
| 154|0x0000000089a00000, 0x0000000089a00000, 0x0000000089b00000|  0%| F|  |TAMS 0x0000000089a00000| PB 0x0000000089a00000| Untracked 
| 155|0x0000000089b00000, 0x0000000089b00000, 0x0000000089c00000|  0%| F|  |TAMS 0x0000000089b00000| PB 0x0000000089b00000| Untracked 
| 156|0x0000000089c00000, 0x0000000089c00000, 0x0000000089d00000|  0%| F|  |TAMS 0x0000000089c00000| PB 0x0000000089c00000| Untracked 
| 157|0x0000000089d00000, 0x0000000089d00000, 0x0000000089e00000|  0%| F|  |TAMS 0x0000000089d00000| PB 0x0000000089d00000| Untracked 
| 158|0x0000000089e00000, 0x0000000089e00000, 0x0000000089f00000|  0%| F|  |TAMS 0x0000000089e00000| PB 0x0000000089e00000| Untracked 
| 159|0x0000000089f00000, 0x0000000089f00000, 0x000000008a000000|  0%| F|  |TAMS 0x0000000089f00000| PB 0x0000000089f00000| Untracked 
| 160|0x000000008a000000, 0x000000008a000000, 0x000000008a100000|  0%| F|  |TAMS 0x000000008a000000| PB 0x000000008a000000| Untracked 
| 161|0x000000008a100000, 0x000000008a100000, 0x000000008a200000|  0%| F|  |TAMS 0x000000008a100000| PB 0x000000008a100000| Untracked 
| 162|0x000000008a200000, 0x000000008a200000, 0x000000008a300000|  0%| F|  |TAMS 0x000000008a200000| PB 0x000000008a200000| Untracked 
| 163|0x000000008a300000, 0x000000008a300000, 0x000000008a400000|  0%| F|  |TAMS 0x000000008a300000| PB 0x000000008a300000| Untracked 
| 164|0x000000008a400000, 0x000000008a400000, 0x000000008a500000|  0%| F|  |TAMS 0x000000008a400000| PB 0x000000008a400000| Untracked 
| 165|0x000000008a500000, 0x000000008a500000, 0x000000008a600000|  0%| F|  |TAMS 0x000000008a500000| PB 0x000000008a500000| Untracked 
| 166|0x000000008a600000, 0x000000008a600000, 0x000000008a700000|  0%| F|  |TAMS 0x000000008a600000| PB 0x000000008a600000| Untracked 
| 167|0x000000008a700000, 0x000000008a700000, 0x000000008a800000|  0%| F|  |TAMS 0x000000008a700000| PB 0x000000008a700000| Untracked 
| 168|0x000000008a800000, 0x000000008a800000, 0x000000008a900000|  0%| F|  |TAMS 0x000000008a800000| PB 0x000000008a800000| Untracked 
| 169|0x000000008a900000, 0x000000008a900000, 0x000000008aa00000|  0%| F|  |TAMS 0x000000008a900000| PB 0x000000008a900000| Untracked 
| 170|0x000000008aa00000, 0x000000008aa00000, 0x000000008ab00000|  0%| F|  |TAMS 0x000000008aa00000| PB 0x000000008aa00000| Untracked 
| 171|0x000000008ab00000, 0x000000008ab00000, 0x000000008ac00000|  0%| F|  |TAMS 0x000000008ab00000| PB 0x000000008ab00000| Untracked 
| 172|0x000000008ac00000, 0x000000008ac00000, 0x000000008ad00000|  0%| F|  |TAMS 0x000000008ac00000| PB 0x000000008ac00000| Untracked 
| 173|0x000000008ad00000, 0x000000008ad00000, 0x000000008ae00000|  0%| F|  |TAMS 0x000000008ad00000| PB 0x000000008ad00000| Untracked 
| 174|0x000000008ae00000, 0x000000008ae00000, 0x000000008af00000|  0%| F|  |TAMS 0x000000008ae00000| PB 0x000000008ae00000| Untracked 
| 175|0x000000008af00000, 0x000000008af00000, 0x000000008b000000|  0%| F|  |TAMS 0x000000008af00000| PB 0x000000008af00000| Untracked 
| 176|0x000000008b000000, 0x000000008b000000, 0x000000008b100000|  0%| F|  |TAMS 0x000000008b000000| PB 0x000000008b000000| Untracked 
| 177|0x000000008b100000, 0x000000008b100000, 0x000000008b200000|  0%| F|  |TAMS 0x000000008b100000| PB 0x000000008b100000| Untracked 
| 178|0x000000008b200000, 0x000000008b200000, 0x000000008b300000|  0%| F|  |TAMS 0x000000008b200000| PB 0x000000008b200000| Untracked 
| 179|0x000000008b300000, 0x000000008b300000, 0x000000008b400000|  0%| F|  |TAMS 0x000000008b300000| PB 0x000000008b300000| Untracked 
| 180|0x000000008b400000, 0x000000008b400000, 0x000000008b500000|  0%| F|  |TAMS 0x000000008b400000| PB 0x000000008b400000| Untracked 
| 181|0x000000008b500000, 0x000000008b500000, 0x000000008b600000|  0%| F|  |TAMS 0x000000008b500000| PB 0x000000008b500000| Untracked 
| 182|0x000000008b600000, 0x000000008b600000, 0x000000008b700000|  0%| F|  |TAMS 0x000000008b600000| PB 0x000000008b600000| Untracked 
| 183|0x000000008b700000, 0x000000008b700000, 0x000000008b800000|  0%| F|  |TAMS 0x000000008b700000| PB 0x000000008b700000| Untracked 
| 184|0x000000008b800000, 0x000000008b800000, 0x000000008b900000|  0%| F|  |TAMS 0x000000008b800000| PB 0x000000008b800000| Untracked 
| 185|0x000000008b900000, 0x000000008b900000, 0x000000008ba00000|  0%| F|  |TAMS 0x000000008b900000| PB 0x000000008b900000| Untracked 
| 186|0x000000008ba00000, 0x000000008ba00000, 0x000000008bb00000|  0%| F|  |TAMS 0x000000008ba00000| PB 0x000000008ba00000| Untracked 
| 187|0x000000008bb00000, 0x000000008bb00000, 0x000000008bc00000|  0%| F|  |TAMS 0x000000008bb00000| PB 0x000000008bb00000| Untracked 
| 188|0x000000008bc00000, 0x000000008bc00000, 0x000000008bd00000|  0%| F|  |TAMS 0x000000008bc00000| PB 0x000000008bc00000| Untracked 
| 189|0x000000008bd00000, 0x000000008bd00000, 0x000000008be00000|  0%| F|  |TAMS 0x000000008bd00000| PB 0x000000008bd00000| Untracked 
| 190|0x000000008be00000, 0x000000008be00000, 0x000000008bf00000|  0%| F|  |TAMS 0x000000008be00000| PB 0x000000008be00000| Untracked 
| 191|0x000000008bf00000, 0x000000008bf00000, 0x000000008c000000|  0%| F|  |TAMS 0x000000008bf00000| PB 0x000000008bf00000| Untracked 
| 192|0x000000008c000000, 0x000000008c000000, 0x000000008c100000|  0%| F|  |TAMS 0x000000008c000000| PB 0x000000008c000000| Untracked 
| 193|0x000000008c100000, 0x000000008c100000, 0x000000008c200000|  0%| F|  |TAMS 0x000000008c100000| PB 0x000000008c100000| Untracked 
| 194|0x000000008c200000, 0x000000008c200000, 0x000000008c300000|  0%| F|  |TAMS 0x000000008c200000| PB 0x000000008c200000| Untracked 
| 195|0x000000008c300000, 0x000000008c300000, 0x000000008c400000|  0%| F|  |TAMS 0x000000008c300000| PB 0x000000008c300000| Untracked 
| 196|0x000000008c400000, 0x000000008c400000, 0x000000008c500000|  0%| F|  |TAMS 0x000000008c400000| PB 0x000000008c400000| Untracked 
| 197|0x000000008c500000, 0x000000008c500000, 0x000000008c600000|  0%| F|  |TAMS 0x000000008c500000| PB 0x000000008c500000| Untracked 
| 198|0x000000008c600000, 0x000000008c600000, 0x000000008c700000|  0%| F|  |TAMS 0x000000008c600000| PB 0x000000008c600000| Untracked 
| 199|0x000000008c700000, 0x000000008c700000, 0x000000008c800000|  0%| F|  |TAMS 0x000000008c700000| PB 0x000000008c700000| Untracked 
| 200|0x000000008c800000, 0x000000008c800000, 0x000000008c900000|  0%| F|  |TAMS 0x000000008c800000| PB 0x000000008c800000| Untracked 
| 201|0x000000008c900000, 0x000000008c900000, 0x000000008ca00000|  0%| F|  |TAMS 0x000000008c900000| PB 0x000000008c900000| Untracked 
| 202|0x000000008ca00000, 0x000000008ca00000, 0x000000008cb00000|  0%| F|  |TAMS 0x000000008ca00000| PB 0x000000008ca00000| Untracked 
| 203|0x000000008cb00000, 0x000000008cb00000, 0x000000008cc00000|  0%| F|  |TAMS 0x000000008cb00000| PB 0x000000008cb00000| Untracked 
| 204|0x000000008cc00000, 0x000000008cc00000, 0x000000008cd00000|  0%| F|  |TAMS 0x000000008cc00000| PB 0x000000008cc00000| Untracked 
| 205|0x000000008cd00000, 0x000000008cd00000, 0x000000008ce00000|  0%| F|  |TAMS 0x000000008cd00000| PB 0x000000008cd00000| Untracked 
| 206|0x000000008ce00000, 0x000000008ce00000, 0x000000008cf00000|  0%| F|  |TAMS 0x000000008ce00000| PB 0x000000008ce00000| Untracked 
| 207|0x000000008cf00000, 0x000000008cf00000, 0x000000008d000000|  0%| F|  |TAMS 0x000000008cf00000| PB 0x000000008cf00000| Untracked 
| 208|0x000000008d000000, 0x000000008d000000, 0x000000008d100000|  0%| F|  |TAMS 0x000000008d000000| PB 0x000000008d000000| Untracked 
| 209|0x000000008d100000, 0x000000008d100000, 0x000000008d200000|  0%| F|  |TAMS 0x000000008d100000| PB 0x000000008d100000| Untracked 
| 210|0x000000008d200000, 0x000000008d200000, 0x000000008d300000|  0%| F|  |TAMS 0x000000008d200000| PB 0x000000008d200000| Untracked 
| 211|0x000000008d300000, 0x000000008d300000, 0x000000008d400000|  0%| F|  |TAMS 0x000000008d300000| PB 0x000000008d300000| Untracked 
| 212|0x000000008d400000, 0x000000008d400000, 0x000000008d500000|  0%| F|  |TAMS 0x000000008d400000| PB 0x000000008d400000| Untracked 
| 213|0x000000008d500000, 0x000000008d500000, 0x000000008d600000|  0%| F|  |TAMS 0x000000008d500000| PB 0x000000008d500000| Untracked 
| 214|0x000000008d600000, 0x000000008d600000, 0x000000008d700000|  0%| F|  |TAMS 0x000000008d600000| PB 0x000000008d600000| Untracked 
| 215|0x000000008d700000, 0x000000008d700000, 0x000000008d800000|  0%| F|  |TAMS 0x000000008d700000| PB 0x000000008d700000| Untracked 
| 216|0x000000008d800000, 0x000000008d800000, 0x000000008d900000|  0%| F|  |TAMS 0x000000008d800000| PB 0x000000008d800000| Untracked 
| 217|0x000000008d900000, 0x000000008d900000, 0x000000008da00000|  0%| F|  |TAMS 0x000000008d900000| PB 0x000000008d900000| Untracked 
| 218|0x000000008da00000, 0x000000008da00000, 0x000000008db00000|  0%| F|  |TAMS 0x000000008da00000| PB 0x000000008da00000| Untracked 
| 219|0x000000008db00000, 0x000000008db00000, 0x000000008dc00000|  0%| F|  |TAMS 0x000000008db00000| PB 0x000000008db00000| Untracked 
| 220|0x000000008dc00000, 0x000000008dc00000, 0x000000008dd00000|  0%| F|  |TAMS 0x000000008dc00000| PB 0x000000008dc00000| Untracked 
| 221|0x000000008dd00000, 0x000000008ddd01a0, 0x000000008de00000| 81%| S|CS|TAMS 0x000000008dd00000| PB 0x000000008dd00000| Complete 
| 222|0x000000008de00000, 0x000000008df00000, 0x000000008df00000|100%| S|CS|TAMS 0x000000008de00000| PB 0x000000008de00000| Complete 
| 223|0x000000008df00000, 0x000000008df00000, 0x000000008e000000|  0%| F|  |TAMS 0x000000008df00000| PB 0x000000008df00000| Untracked 
| 224|0x000000008e000000, 0x000000008e000000, 0x000000008e100000|  0%| F|  |TAMS 0x000000008e000000| PB 0x000000008e000000| Untracked 
| 225|0x000000008e100000, 0x000000008e100000, 0x000000008e200000|  0%| F|  |TAMS 0x000000008e100000| PB 0x000000008e100000| Untracked 
| 226|0x000000008e200000, 0x000000008e200000, 0x000000008e300000|  0%| F|  |TAMS 0x000000008e200000| PB 0x000000008e200000| Untracked 
| 227|0x000000008e300000, 0x000000008e300000, 0x000000008e400000|  0%| F|  |TAMS 0x000000008e300000| PB 0x000000008e300000| Untracked 
| 228|0x000000008e400000, 0x000000008e400000, 0x000000008e500000|  0%| F|  |TAMS 0x000000008e400000| PB 0x000000008e400000| Untracked 
| 229|0x000000008e500000, 0x000000008e500000, 0x000000008e600000|  0%| F|  |TAMS 0x000000008e500000| PB 0x000000008e500000| Untracked 
| 230|0x000000008e600000, 0x000000008e600000, 0x000000008e700000|  0%| F|  |TAMS 0x000000008e600000| PB 0x000000008e600000| Untracked 
| 231|0x000000008e700000, 0x000000008e700000, 0x000000008e800000|  0%| F|  |TAMS 0x000000008e700000| PB 0x000000008e700000| Untracked 
| 232|0x000000008e800000, 0x000000008e800000, 0x000000008e900000|  0%| F|  |TAMS 0x000000008e800000| PB 0x000000008e800000| Untracked 
| 233|0x000000008e900000, 0x000000008e900000, 0x000000008ea00000|  0%| F|  |TAMS 0x000000008e900000| PB 0x000000008e900000| Untracked 
| 234|0x000000008ea00000, 0x000000008ea00000, 0x000000008eb00000|  0%| F|  |TAMS 0x000000008ea00000| PB 0x000000008ea00000| Untracked 
| 235|0x000000008eb00000, 0x000000008eb00000, 0x000000008ec00000|  0%| F|  |TAMS 0x000000008eb00000| PB 0x000000008eb00000| Untracked 
| 236|0x000000008ec00000, 0x000000008ec00000, 0x000000008ed00000|  0%| F|  |TAMS 0x000000008ec00000| PB 0x000000008ec00000| Untracked 
| 237|0x000000008ed00000, 0x000000008ed00000, 0x000000008ee00000|  0%| F|  |TAMS 0x000000008ed00000| PB 0x000000008ed00000| Untracked 
| 238|0x000000008ee00000, 0x000000008ee00000, 0x000000008ef00000|  0%| F|  |TAMS 0x000000008ee00000| PB 0x000000008ee00000| Untracked 
| 239|0x000000008ef00000, 0x000000008ef00000, 0x000000008f000000|  0%| F|  |TAMS 0x000000008ef00000| PB 0x000000008ef00000| Untracked 
| 240|0x000000008f000000, 0x000000008f000000, 0x000000008f100000|  0%| F|  |TAMS 0x000000008f000000| PB 0x000000008f000000| Untracked 
| 253|0x000000008fd00000, 0x000000008fd00000, 0x000000008fe00000|  0%| F|  |TAMS 0x000000008fd00000| PB 0x000000008fd00000| Untracked 
|2035|0x00000000ff300000, 0x00000000ff400000, 0x00000000ff400000|100%| O|  |TAMS 0x00000000ff3357a8| PB 0x00000000ff300000| Updating 
|2036|0x00000000ff400000, 0x00000000ff500000, 0x00000000ff500000|100%| O|  |TAMS 0x00000000ff500000| PB 0x00000000ff400000| Updating 
|2037|0x00000000ff500000, 0x00000000ff600000, 0x00000000ff600000|100%| O|  |TAMS 0x00000000ff600000| PB 0x00000000ff500000| Updating 
|2038|0x00000000ff600000, 0x00000000ff700000, 0x00000000ff700000|100%| O|  |TAMS 0x00000000ff700000| PB 0x00000000ff600000| Updating 
|2039|0x00000000ff700000, 0x00000000ff800000, 0x00000000ff800000|100%| O|  |TAMS 0x00000000ff800000| PB 0x00000000ff700000| Untracked 
|2040|0x00000000ff800000, 0x00000000ff900000, 0x00000000ff900000|100%| O|  |TAMS 0x00000000ff900000| PB 0x00000000ff800000| Untracked 
|2041|0x00000000ff900000, 0x00000000ffa00000, 0x00000000ffa00000|100%| O|  |TAMS 0x00000000ffa00000| PB 0x00000000ff900000| Untracked 
|2042|0x00000000ffa00000, 0x00000000ffb00000, 0x00000000ffb00000|100%| O|  |TAMS 0x00000000ffb00000| PB 0x00000000ffa00000| Updating 
|2043|0x00000000ffb00000, 0x00000000ffc00000, 0x00000000ffc00000|100%| O|  |TAMS 0x00000000ffc00000| PB 0x00000000ffb00000| Untracked 
|2044|0x00000000ffc00000, 0x00000000ffd00000, 0x00000000ffd00000|100%| O|  |TAMS 0x00000000ffd00000| PB 0x00000000ffc00000| Untracked 
|2045|0x00000000ffd00000, 0x00000000ffe00000, 0x00000000ffe00000|100%| O|  |TAMS 0x00000000ffe00000| PB 0x00000000ffd00000| Untracked 
|2046|0x00000000ffe00000, 0x00000000fff00000, 0x00000000fff00000|100%| E|  |TAMS 0x00000000ffe00000| PB 0x00000000ffe00000| Complete 
|2047|0x00000000fff00000, 0x0000000100000000, 0x0000000100000000|100%| E|CS|TAMS 0x00000000fff00000| PB 0x00000000fff00000| Complete 

Card table byte_map: [0x00000201ff790000,0x00000201ffb90000] _byte_map_base: 0x00000201ff390000

Marking Bits: (CMBitMap*) 0x00000201fd016620
 Bits: [0x0000020192090000, 0x0000020194090000)

Polling page: 0x00000201fd080000

Metaspace:

Usage:
  Non-class:    103.31 MB used.
      Class:     16.05 MB used.
       Both:    119.35 MB used.

Virtual space:
  Non-class space:      128.00 MB reserved,     104.31 MB ( 81%) committed,  2 nodes.
      Class space:        1.00 GB reserved,      17.12 MB (  2%) committed,  1 nodes.
             Both:        1.12 GB reserved,     121.44 MB ( 11%) committed. 

Chunk freelists:
   Non-Class:  7.64 MB
       Class:  14.84 MB
        Both:  22.48 MB

MaxMetaspaceSize: unlimited
CompressedClassSpaceSize: 1.00 GB
Initial GC threshold: 21.00 MB
Current GC threshold: 202.44 MB
CDS: off
 - commit_granule_bytes: 65536.
 - commit_granule_words: 8192.
 - virtual_space_node_default_size: 8388608.
 - enlarge_chunks_in_place: 1.
 - use_allocation_guard: 0.


Internal statistics:

num_allocs_failed_limit: 9.
num_arena_births: 4208.
num_arena_deaths: 0.
num_vsnodes_births: 3.
num_vsnodes_deaths: 0.
num_space_committed: 1942.
num_space_uncommitted: 0.
num_chunks_returned_to_freelist: 9.
num_chunks_taken_from_freelist: 9263.
num_chunk_merges: 9.
num_chunk_splits: 6037.
num_chunks_enlarged: 3798.
num_inconsistent_stats: 0.

CodeHeap 'non-profiled nmethods': size=120000Kb used=8738Kb max_used=10171Kb free=111261Kb
 bounds [0x000002018ab60000, 0x000002018b560000, 0x0000020192090000]
CodeHeap 'profiled nmethods': size=120000Kb used=19374Kb max_used=25942Kb free=100625Kb
 bounds [0x0000020183090000, 0x00000201849f0000, 0x000002018a5c0000]
CodeHeap 'non-nmethods': size=5760Kb used=2182Kb max_used=2292Kb free=3577Kb
 bounds [0x000002018a5c0000, 0x000002018a830000, 0x000002018ab60000]
 total_blobs=11255 nmethods=10347 adapters=812
 compilation: enabled
              stopped_count=0, restarted_count=0
 full_count=0

Compilation events (20 events):
Event: 1671.554 Thread 0x0000020196924b30 17497       3       java.util.JumboEnumSet$EnumSetIterator::hasNext (67 bytes)
Event: 1671.554 Thread 0x0000020196924b30 nmethod 17497 0x00000201833eda90 code [0x00000201833edc40, 0x00000201833eded0]
Event: 1671.556 Thread 0x0000020196924b30 17498       3       java.util.JumboEnumSet$EnumSetIterator::next (5 bytes)
Event: 1671.557 Thread 0x0000020196924b30 nmethod 17498 0x00000201837e7c90 code [0x00000201837e7e40, 0x00000201837e7f98]
Event: 1671.557 Thread 0x0000020196924b30 17499       3       java.util.JumboEnumSet$EnumSetIterator::next (74 bytes)
Event: 1671.557 Thread 0x0000020196924b30 nmethod 17499 0x00000201833ed410 code [0x00000201833ed5e0, 0x00000201833ed8d8]
Event: 1671.557 Thread 0x0000020196924b30 17500       3       com.sun.tools.javac.main.Option::matches (209 bytes)
Event: 1671.558 Thread 0x0000020196924b30 nmethod 17500 0x00000201833eb090 code [0x00000201833eb480, 0x00000201833ecb08]
Event: 1671.570 Thread 0x0000020196924b30 17501       1       sun.nio.fs.WindowsNativeDispatcher$FirstFile::attributes (5 bytes)
Event: 1671.570 Thread 0x0000020196924b30 nmethod 17501 0x000002018b54e290 code [0x000002018b54e420, 0x000002018b54e4e8]
Event: 1671.582 Thread 0x0000020196911cb0 17502       4       sun.nio.fs.WindowsFileAttributes::isReparsePoint (14 bytes)
Event: 1671.583 Thread 0x0000020196911cb0 nmethod 17502 0x000002018b54e590 code [0x000002018b54e700, 0x000002018b54e770]
Event: 1671.584 Thread 0x0000020196924b30 17503       3       sun.nio.fs.WindowsPath::hashCode (52 bytes)
Event: 1671.585 Thread 0x0000020196924b30 nmethod 17503 0x00000201833ea110 code [0x00000201833ea360, 0x00000201833eacb0]
Event: 1671.602 Thread 0x0000020196924b30 17504       3       sun.nio.fs.WindowsPath::addPrefixIfNeeded (17 bytes)
Event: 1671.602 Thread 0x0000020196924b30 nmethod 17504 0x00000201833e9b90 code [0x00000201833e9d60, 0x00000201833e9fd0]
Event: 1671.644 Thread 0x0000020196911cb0 17505       4       sun.nio.fs.Util::followLinks (66 bytes)
Event: 1671.645 Thread 0x0000020196911cb0 nmethod 17505 0x000002018b54e890 code [0x000002018b54ea20, 0x000002018b54eb40]
Event: 1671.654 Thread 0x0000020196924b30 17506       3       java.util.jar.Attributes$Name::hash (148 bytes)
Event: 1671.655 Thread 0x0000020196924b30 nmethod 17506 0x00000201833e8810 code [0x00000201833e8aa0, 0x00000201833e96c0]

GC Heap History (20 events):
Event: 25.179 GC heap before
{Heap before GC invocations=45 (full 0):
 garbage-first heap   total 196608K, used 177874K [0x0000000080000000, 0x0000000100000000)
  region size 1024K, 65 young (66560K), 6 survivors (6144K)
 Metaspace       used 116229K, committed 118400K, reserved 1179648K
  class space    used 15877K, committed 16960K, reserved 1048576K
}
Event: 25.185 GC heap after
{Heap after GC invocations=46 (full 0):
 garbage-first heap   total 196608K, used 120851K [0x0000000080000000, 0x0000000100000000)
  region size 1024K, 5 young (5120K), 5 survivors (5120K)
 Metaspace       used 116229K, committed 118400K, reserved 1179648K
  class space    used 15877K, committed 16960K, reserved 1048576K
}
Event: 25.741 GC heap before
{Heap before GC invocations=47 (full 0):
 garbage-first heap   total 203776K, used 178195K [0x0000000080000000, 0x0000000100000000)
  region size 1024K, 62 young (63488K), 5 survivors (5120K)
 Metaspace       used 116431K, committed 118592K, reserved 1179648K
  class space    used 15900K, committed 16960K, reserved 1048576K
}
Event: 25.746 GC heap after
{Heap after GC invocations=48 (full 0):
 garbage-first heap   total 203776K, used 122865K [0x0000000080000000, 0x0000000100000000)
  region size 1024K, 5 young (5120K), 5 survivors (5120K)
 Metaspace       used 116431K, committed 118592K, reserved 1179648K
  class space    used 15900K, committed 16960K, reserved 1048576K
}
Event: 26.238 GC heap before
{Heap before GC invocations=48 (full 0):
 garbage-first heap   total 203776K, used 185329K [0x0000000080000000, 0x0000000100000000)
  region size 1024K, 67 young (68608K), 5 survivors (5120K)
 Metaspace       used 116473K, committed 118592K, reserved 1179648K
  class space    used 15902K, committed 16960K, reserved 1048576K
}
Event: 26.244 GC heap after
{Heap after GC invocations=49 (full 0):
 garbage-first heap   total 203776K, used 122838K [0x0000000080000000, 0x0000000100000000)
  region size 1024K, 6 young (6144K), 6 survivors (6144K)
 Metaspace       used 116473K, committed 118592K, reserved 1179648K
  class space    used 15902K, committed 16960K, reserved 1048576K
}
Event: 56.844 GC heap before
{Heap before GC invocations=49 (full 0):
 garbage-first heap   total 203776K, used 184278K [0x0000000080000000, 0x0000000100000000)
  region size 1024K, 67 young (68608K), 6 survivors (6144K)
 Metaspace       used 117849K, committed 120000K, reserved 1179648K
  class space    used 16098K, committed 17152K, reserved 1048576K
}
Event: 56.849 GC heap after
{Heap after GC invocations=50 (full 0):
 garbage-first heap   total 203776K, used 124913K [0x0000000080000000, 0x0000000100000000)
  region size 1024K, 6 young (6144K), 6 survivors (6144K)
 Metaspace       used 117849K, committed 120000K, reserved 1179648K
  class space    used 16098K, committed 17152K, reserved 1048576K
}
Event: 57.605 GC heap before
{Heap before GC invocations=51 (full 0):
 garbage-first heap   total 208896K, used 185329K [0x0000000080000000, 0x0000000100000000)
  region size 1024K, 66 young (67584K), 6 survivors (6144K)
 Metaspace       used 118362K, committed 120512K, reserved 1179648K
  class space    used 16099K, committed 17152K, reserved 1048576K
}
Event: 57.613 GC heap after
{Heap after GC invocations=52 (full 0):
 garbage-first heap   total 208896K, used 132308K [0x0000000080000000, 0x0000000100000000)
  region size 1024K, 9 young (9216K), 9 survivors (9216K)
 Metaspace       used 118362K, committed 120512K, reserved 1179648K
  class space    used 16099K, committed 17152K, reserved 1048576K
}
Event: 222.659 GC heap before
{Heap before GC invocations=52 (full 0):
 garbage-first heap   total 208896K, used 187604K [0x0000000080000000, 0x0000000100000000)
  region size 1024K, 63 young (64512K), 9 survivors (9216K)
 Metaspace       used 118652K, committed 120768K, reserved 1179648K
  class space    used 16102K, committed 17152K, reserved 1048576K
}
Event: 222.669 GC heap after
{Heap after GC invocations=53 (full 0):
 garbage-first heap   total 208896K, used 136647K [0x0000000080000000, 0x0000000100000000)
  region size 1024K, 6 young (6144K), 6 survivors (6144K)
 Metaspace       used 118652K, committed 120768K, reserved 1179648K
  class space    used 16102K, committed 17152K, reserved 1048576K
}
Event: 1670.283 GC heap before
{Heap before GC invocations=53 (full 0):
 garbage-first heap   total 208896K, used 188871K [0x0000000080000000, 0x0000000100000000)
  region size 1024K, 58 young (59392K), 6 survivors (6144K)
 Metaspace       used 118896K, committed 121088K, reserved 1179648K
  class space    used 16110K, committed 17216K, reserved 1048576K
}
Event: 1670.287 GC heap after
{Heap after GC invocations=54 (full 0):
 garbage-first heap   total 208896K, used 138905K [0x0000000080000000, 0x0000000100000000)
  region size 1024K, 2 young (2048K), 2 survivors (2048K)
 Metaspace       used 118896K, committed 121088K, reserved 1179648K
  class space    used 16110K, committed 17216K, reserved 1048576K
}
Event: 1670.867 GC heap before
{Heap before GC invocations=55 (full 0):
 garbage-first heap   total 232448K, used 194201K [0x0000000080000000, 0x0000000100000000)
  region size 1024K, 56 young (57344K), 2 survivors (2048K)
 Metaspace       used 119110K, committed 121280K, reserved 1179648K
  class space    used 16110K, committed 17216K, reserved 1048576K
}
Event: 1670.873 GC heap after
{Heap after GC invocations=56 (full 0):
 garbage-first heap   total 232448K, used 146578K [0x0000000080000000, 0x0000000100000000)
  region size 1024K, 7 young (7168K), 7 survivors (7168K)
 Metaspace       used 119110K, committed 121280K, reserved 1179648K
  class space    used 16110K, committed 17216K, reserved 1048576K
}
Event: 1671.351 GC heap before
{Heap before GC invocations=56 (full 0):
 garbage-first heap   total 232448K, used 216210K [0x0000000080000000, 0x0000000100000000)
  region size 1024K, 71 young (72704K), 7 survivors (7168K)
 Metaspace       used 120636K, committed 122816K, reserved 1179648K
  class space    used 16215K, committed 17344K, reserved 1048576K
}
Event: 1671.370 GC heap after
{Heap after GC invocations=57 (full 0):
 garbage-first heap   total 243712K, used 151765K [0x0000000080000000, 0x0000000100000000)
  region size 1024K, 9 young (9216K), 9 survivors (9216K)
 Metaspace       used 120636K, committed 122816K, reserved 1179648K
  class space    used 16215K, committed 17344K, reserved 1048576K
}
Event: 1671.559 GC heap before
{Heap before GC invocations=57 (full 0):
 garbage-first heap   total 243712K, used 159957K [0x0000000080000000, 0x0000000100000000)
  region size 1024K, 19 young (19456K), 9 survivors (9216K)
 Metaspace       used 122215K, committed 124352K, reserved 1179648K
  class space    used 16431K, committed 17536K, reserved 1048576K
}
Event: 1671.566 GC heap after
{Heap after GC invocations=58 (full 0):
 garbage-first heap   total 243712K, used 154013K [0x0000000080000000, 0x0000000100000000)
  region size 1024K, 2 young (2048K), 2 survivors (2048K)
 Metaspace       used 122215K, committed 124352K, reserved 1179648K
  class space    used 16431K, committed 17536K, reserved 1048576K
}

Dll operation events (3 events):
Event: 0.007 Loaded shared library C:\Program Files\Android\Android Studio\jbr\bin\java.dll
Event: 0.012 Loaded shared library C:\Program Files\Android\Android Studio\jbr\bin\zip.dll
Event: 0.454 Loaded shared library C:\Program Files\Android\Android Studio\jbr\bin\verify.dll

Deoptimization events (20 events):
Event: 1671.511 Thread 0x000002019b3a5cc0 Uncommon trap: trap_request=0xffffff45 fr.pc=0x000002018ab9bc9c relative=0x00000000000006bc
Event: 1671.511 Thread 0x000002019b3a5cc0 Uncommon trap: reason=unstable_if action=reinterpret pc=0x000002018ab9bc9c method=java.security.AccessControlContext.combine([Ljava/security/ProtectionDomain;[Ljava/security/ProtectionDomain;)[Ljava/security/ProtectionDomain; @ 151 c2
Event: 1671.511 Thread 0x000002019b3a5cc0 DEOPT PACKING pc=0x000002018ab9bc9c sp=0x000000527b3f9760
Event: 1671.511 Thread 0x000002019b3a5cc0 DEOPT UNPACKING pc=0x000002018a6146a2 sp=0x000000527b3f9718 mode 2
Event: 1671.542 Thread 0x000002019b3a5cc0 Uncommon trap: trap_request=0xffffffc6 fr.pc=0x000002018ad08364 relative=0x0000000000003b44
Event: 1671.542 Thread 0x000002019b3a5cc0 Uncommon trap: reason=bimorphic_or_optimized_type_check action=maybe_recompile pc=0x000002018ad08364 method=jdk.internal.loader.BuiltinClassLoader.loadClassOrNull(Ljava/lang/String;)Ljava/lang/Class; @ 3 c2
Event: 1671.542 Thread 0x000002019b3a5cc0 DEOPT PACKING pc=0x000002018ad08364 sp=0x000000527b3f9300
Event: 1671.542 Thread 0x000002019b3a5cc0 DEOPT UNPACKING pc=0x000002018a6146a2 sp=0x000000527b3f91f0 mode 2
Event: 1671.557 Thread 0x000002019b3a5cc0 Uncommon trap: trap_request=0xffffff45 fr.pc=0x000002018ae9b530 relative=0x0000000000002030
Event: 1671.557 Thread 0x000002019b3a5cc0 Uncommon trap: reason=unstable_if action=reinterpret pc=0x000002018ae9b530 method=java.util.regex.Pattern.split(Ljava/lang/CharSequence;IZ)[Ljava/lang/String; @ 267 c2
Event: 1671.557 Thread 0x000002019b3a5cc0 DEOPT PACKING pc=0x000002018ae9b530 sp=0x000000527b3f9c20
Event: 1671.557 Thread 0x000002019b3a5cc0 DEOPT UNPACKING pc=0x000002018a6146a2 sp=0x000000527b3f9be8 mode 2
Event: 1671.569 Thread 0x000002019b3a5cc0 Uncommon trap: trap_request=0xffffff45 fr.pc=0x000002018afd3ea8 relative=0x0000000000002ae8
Event: 1671.569 Thread 0x000002019b3a5cc0 Uncommon trap: reason=unstable_if action=reinterpret pc=0x000002018afd3ea8 method=java.util.jar.Manifest$FastInputStream.readLine([BII)I @ 106 c2
Event: 1671.569 Thread 0x000002019b3a5cc0 DEOPT PACKING pc=0x000002018afd3ea8 sp=0x000000527b3f9900
Event: 1671.569 Thread 0x000002019b3a5cc0 DEOPT UNPACKING pc=0x000002018a6146a2 sp=0x000000527b3f97b8 mode 2
Event: 1671.569 Thread 0x000002019b3a5cc0 Uncommon trap: trap_request=0xffffff45 fr.pc=0x000002018abd66f8 relative=0x0000000000000498
Event: 1671.569 Thread 0x000002019b3a5cc0 Uncommon trap: reason=unstable_if action=reinterpret pc=0x000002018abd66f8 method=java.util.jar.Manifest$FastInputStream.readLine([BII)I @ 106 c2
Event: 1671.569 Thread 0x000002019b3a5cc0 DEOPT PACKING pc=0x000002018abd66f8 sp=0x000000527b3f9840
Event: 1671.569 Thread 0x000002019b3a5cc0 DEOPT UNPACKING pc=0x000002018a6146a2 sp=0x000000527b3f97d0 mode 2

Classes loaded (20 events):
Event: 1671.475 Loading class jdk/internal/access/JavaIOPrintWriterAccess done
Event: 1671.475 Loading class java/io/PrintWriter$1 done
Event: 1671.481 Loading class java/nio/charset/IllegalCharsetNameException
Event: 1671.481 Loading class java/nio/charset/IllegalCharsetNameException done
Event: 1671.483 Loading class java/nio/file/ProviderNotFoundException
Event: 1671.483 Loading class java/nio/file/ProviderNotFoundException done
Event: 1671.496 Loading class java/util/JumboEnumSet
Event: 1671.496 Loading class java/util/JumboEnumSet done
Event: 1671.506 Loading class java/util/JumboEnumSet$EnumSetIterator
Event: 1671.507 Loading class java/util/JumboEnumSet$EnumSetIterator done
Event: 1671.510 Loading class java/util/ResourceBundle$KeyElementReference
Event: 1671.510 Loading class java/util/ResourceBundle$CacheKeyReference
Event: 1671.510 Loading class java/util/ResourceBundle$CacheKeyReference done
Event: 1671.511 Loading class java/util/ResourceBundle$KeyElementReference done
Event: 1671.511 Loading class java/util/ResourceBundle$3
Event: 1671.511 Loading class java/util/ResourceBundle$3 done
Event: 1671.516 Loading class java/util/ResourceBundle$BundleReference
Event: 1671.516 Loading class java/util/ResourceBundle$BundleReference done
Event: 1671.547 Loading class java/util/ServiceLoader$ProviderSpliterator
Event: 1671.548 Loading class java/util/ServiceLoader$ProviderSpliterator done

Classes unloaded (0 events):
No events

Classes redefined (0 events):
No events

Internal exceptions (20 events):
Event: 1670.231 Thread 0x000002019d602dd0 Exception <a 'sun/nio/fs/WindowsException'{0x00000000897a2508}> (0x00000000897a2508) 
thrown [s\src\hotspot\share\prims\jni.cpp, line 535]
Event: 1670.231 Thread 0x000002019d602dd0 Exception <a 'sun/nio/fs/WindowsException'{0x00000000897a5fb8}> (0x00000000897a5fb8) 
thrown [s\src\hotspot\share\prims\jni.cpp, line 535]
Event: 1670.689 Thread 0x000002019d602dd0 Exception <a 'sun/nio/fs/WindowsException'{0x000000008b7d5ed0}> (0x000000008b7d5ed0) 
thrown [s\src\hotspot\share\prims\jni.cpp, line 535]
Event: 1670.689 Thread 0x000002019d602dd0 Exception <a 'sun/nio/fs/WindowsException'{0x000000008b7d7538}> (0x000000008b7d7538) 
thrown [s\src\hotspot\share\prims\jni.cpp, line 535]
Event: 1670.689 Thread 0x000002019d602dd0 Exception <a 'sun/nio/fs/WindowsException'{0x000000008b7d8bf0}> (0x000000008b7d8bf0) 
thrown [s\src\hotspot\share\prims\jni.cpp, line 535]
Event: 1670.689 Thread 0x000002019d602dd0 Exception <a 'sun/nio/fs/WindowsException'{0x000000008b7da2a8}> (0x000000008b7da2a8) 
thrown [s\src\hotspot\share\prims\jni.cpp, line 535]
Event: 1670.763 Thread 0x000002019c42c190 Exception <a 'sun/nio/fs/WindowsException'{0x000000008b0625a0}> (0x000000008b0625a0) 
thrown [s\src\hotspot\share\prims\jni.cpp, line 535]
Event: 1671.412 Thread 0x000002019b3a5cc0 Exception <a 'java/lang/IncompatibleClassChangeError'{0x000000008fd82b20}: Found class java.lang.Object, but interface was expected> (0x000000008fd82b20) 
thrown [s\src\hotspot\share\interpreter\linkResolver.cpp, line 851]
Event: 1671.423 Thread 0x000002019b3a5cc0 Exception <a 'sun/nio/fs/WindowsException'{0x000000008fdb7da8}> (0x000000008fdb7da8) 
thrown [s\src\hotspot\share\prims\jni.cpp, line 535]
Event: 1671.425 Thread 0x000002019b3a5cc0 Exception <a 'sun/nio/fs/WindowsException'{0x000000008fdbe8c8}> (0x000000008fdbe8c8) 
thrown [s\src\hotspot\share\prims\jni.cpp, line 535]
Event: 1671.426 Thread 0x000002019b3a5cc0 Exception <a 'sun/nio/fs/WindowsException'{0x000000008fdbf678}> (0x000000008fdbf678) 
thrown [s\src\hotspot\share\prims\jni.cpp, line 535]
Event: 1671.427 Thread 0x000002019b3a5cc0 Exception <a 'sun/nio/fs/WindowsException'{0x000000008fdc3498}> (0x000000008fdc3498) 
thrown [s\src\hotspot\share\prims\jni.cpp, line 535]
Event: 1671.429 Thread 0x000002019b3a5cc0 Exception <a 'sun/nio/fs/WindowsException'{0x000000008fdc41f0}> (0x000000008fdc41f0) 
thrown [s\src\hotspot\share\prims\jni.cpp, line 535]
Event: 1671.430 Thread 0x000002019b3a5cc0 Exception <a 'sun/nio/fs/WindowsException'{0x000000008fdc5048}> (0x000000008fdc5048) 
thrown [s\src\hotspot\share\prims\jni.cpp, line 535]
Event: 1671.431 Thread 0x000002019b3a5cc0 Exception <a 'sun/nio/fs/WindowsException'{0x000000008fdc5ec8}> (0x000000008fdc5ec8) 
thrown [s\src\hotspot\share\prims\jni.cpp, line 535]
Event: 1671.433 Thread 0x000002019b3a5cc0 Exception <a 'sun/nio/fs/WindowsException'{0x000000008fdc6cb0}> (0x000000008fdc6cb0) 
thrown [s\src\hotspot\share\prims\jni.cpp, line 535]
Event: 1671.436 Thread 0x000002019b3a5cc0 Exception <a 'sun/nio/fs/WindowsException'{0x000000008fdc7b20}> (0x000000008fdc7b20) 
thrown [s\src\hotspot\share\prims\jni.cpp, line 535]
Event: 1671.437 Thread 0x000002019b3a5cc0 Exception <a 'sun/nio/fs/WindowsException'{0x000000008fdc89b0}> (0x000000008fdc89b0) 
thrown [s\src\hotspot\share\prims\jni.cpp, line 535]
Event: 1671.438 Thread 0x000002019b3a5cc0 Exception <a 'sun/nio/fs/WindowsException'{0x000000008fdc97a8}> (0x000000008fdc97a8) 
thrown [s\src\hotspot\share\prims\jni.cpp, line 535]
Event: 1671.439 Thread 0x000002019b3a5cc0 Exception <a 'sun/nio/fs/WindowsException'{0x000000008fdca5c0}> (0x000000008fdca5c0) 
thrown [s\src\hotspot\share\prims\jni.cpp, line 535]

ZGC Phase Switch (0 events):
No events

VM Operations (20 events):
Event: 1670.432 Executing VM operation: G1PauseCleanup done
Event: 1670.580 Executing VM operation: ICBufferFull
Event: 1670.580 Executing VM operation: ICBufferFull done
Event: 1670.736 Executing VM operation: ICBufferFull
Event: 1670.737 Executing VM operation: ICBufferFull done
Event: 1670.867 Executing VM operation: G1CollectForAllocation (G1 Evacuation Pause)
Event: 1670.873 Executing VM operation: G1CollectForAllocation (G1 Evacuation Pause) done
Event: 1671.108 Executing VM operation: ICBufferFull
Event: 1671.109 Executing VM operation: ICBufferFull done
Event: 1671.127 Executing VM operation: HandshakeAllThreads (Deoptimize)
Event: 1671.128 Executing VM operation: HandshakeAllThreads (Deoptimize) done
Event: 1671.351 Executing VM operation: G1CollectForAllocation (G1 Evacuation Pause)
Event: 1671.370 Executing VM operation: G1CollectForAllocation (G1 Evacuation Pause) done
Event: 1671.499 Executing VM operation: HandshakeAllThreads (Deoptimize)
Event: 1671.499 Executing VM operation: HandshakeAllThreads (Deoptimize) done
Event: 1671.556 Executing VM operation: HandshakeAllThreads (Deoptimize)
Event: 1671.556 Executing VM operation: HandshakeAllThreads (Deoptimize) done
Event: 1671.559 Executing VM operation: G1TryInitiateConcMark (G1 Humongous Allocation)
Event: 1671.566 Executing VM operation: G1TryInitiateConcMark (G1 Humongous Allocation) done
Event: 1671.666 Executing VM operation: G1PauseRemark

Memory protections (0 events):
No events

Nmethod flushes (20 events):
Event: 1671.674 Thread 0x0000020196845290 flushing  nmethod 0x00000201844bf510
Event: 1671.674 Thread 0x0000020196845290 flushing  nmethod 0x00000201844c0510
Event: 1671.674 Thread 0x0000020196845290 flushing  nmethod 0x0000020184530710
Event: 1671.674 Thread 0x0000020196845290 flushing  nmethod 0x0000020184536890
Event: 1671.674 Thread 0x0000020196845290 flushing  nmethod 0x0000020184536d90
Event: 1671.674 Thread 0x0000020196845290 flushing  nmethod 0x0000020184537410
Event: 1671.674 Thread 0x0000020196845290 flushing  nmethod 0x0000020184537990
Event: 1671.674 Thread 0x0000020196845290 flushing  nmethod 0x0000020184538b90
Event: 1671.674 Thread 0x0000020196845290 flushing  nmethod 0x0000020184539010
Event: 1671.674 Thread 0x0000020196845290 flushing  nmethod 0x000002018453ac10
Event: 1671.674 Thread 0x0000020196845290 flushing  nmethod 0x0000020184580690
Event: 1671.674 Thread 0x0000020196845290 flushing  nmethod 0x0000020184580d10
Event: 1671.674 Thread 0x0000020196845290 flushing  nmethod 0x0000020184588410
Event: 1671.674 Thread 0x0000020196845290 flushing  nmethod 0x00000201845e6f10
Event: 1671.674 Thread 0x0000020196845290 flushing  nmethod 0x00000201845e7e90
Event: 1671.674 Thread 0x0000020196845290 flushing  nmethod 0x00000201845ec610
Event: 1671.674 Thread 0x0000020196845290 flushing  nmethod 0x0000020184630810
Event: 1671.674 Thread 0x0000020196845290 flushing  nmethod 0x0000020184631590
Event: 1671.674 Thread 0x0000020196845290 flushing  nmethod 0x0000020184632b10
Event: 1671.674 Thread 0x0000020196845290 flushing  nmethod 0x00000201848deb90

Events (20 events):
Event: 1670.960 Thread 0x000002019c42b470 Thread added: 0x000002019b3a8420
Event: 1670.960 Thread 0x000002019c42b470 Thread added: 0x000002019b3abf30
Event: 1670.960 Thread 0x000002019c42b470 Thread added: 0x000002019b3ac5c0
Event: 1670.961 Thread 0x000002019c42b470 Thread added: 0x00000201a7ba9060
Event: 1671.058 Thread 0x000002019b3a69e0 Thread added: 0x00000201a7bac4e0
Event: 1671.097 Thread 0x000002019b3a5cc0 Thread added: 0x00000201a7bab130
Event: 1671.097 Thread 0x000002019b3a5cc0 Thread added: 0x00000201a7ba9d80
Event: 1671.097 Thread 0x000002019b3a5cc0 Thread added: 0x00000201a7bad890
Event: 1671.097 Thread 0x000002019b3a5cc0 Thread added: 0x00000201a7bab7c0
Event: 1671.097 Thread 0x000002019b3a5cc0 Thread added: 0x00000201a7baaaa0
Event: 1671.098 Thread 0x000002019b3a5cc0 Thread added: 0x00000201a7baa410
Event: 1671.098 Thread 0x000002019b3a5cc0 Thread added: 0x00000201a7babe50
Event: 1671.198 Thread 0x000002019b3a5cc0 Thread added: 0x00000201a7badf20
Event: 1671.251 Thread 0x000002019b3a5cc0 Thread added: 0x00000201a7bae5b0
Event: 1671.251 Thread 0x000002019b3a5cc0 Thread added: 0x00000201a7baf2d0
Event: 1671.251 Thread 0x000002019b3a5cc0 Thread added: 0x00000201a7baec40
Event: 1671.251 Thread 0x000002019b3a5cc0 Thread added: 0x00000201a7baf960
Event: 1671.251 Thread 0x000002019b3a5cc0 Thread added: 0x00000201a1a77ef0
Event: 1671.251 Thread 0x000002019b3a5cc0 Thread added: 0x00000201a1a79930
Event: 1671.252 Thread 0x000002019b3a5cc0 Thread added: 0x00000201a1a78c10


Dynamic libraries:
0x00007ff665f30000 - 0x00007ff665f3a000 	C:\Program Files\Android\Android Studio\jbr\bin\java.exe
0x00007fffb0400000 - 0x00007fffb0660000 	C:\WINDOWS\SYSTEM32\ntdll.dll
0x00007fffaf410000 - 0x00007fffaf4d7000 	C:\WINDOWS\System32\KERNEL32.DLL
0x00007fffad960000 - 0x00007fffadd2a000 	C:\WINDOWS\System32\KERNELBASE.dll
0x00007fffad5e0000 - 0x00007fffad72b000 	C:\WINDOWS\System32\ucrtbase.dll
0x00007fff9fe60000 - 0x00007fff9fe7b000 	C:\Program Files\Android\Android Studio\jbr\bin\VCRUNTIME140.dll
0x00007fff778d0000 - 0x00007fff778e8000 	C:\Program Files\Android\Android Studio\jbr\bin\jli.dll
0x00007fffaf7d0000 - 0x00007fffaf99c000 	C:\WINDOWS\System32\USER32.dll
0x00007fffac840000 - 0x00007fffacad7000 	C:\WINDOWS\WinSxS\amd64_microsoft.windows.common-controls_6595b64144ccf1df_6.0.26100.3624_none_3e086962e3345f24\COMCTL32.dll
0x00007fffad930000 - 0x00007fffad957000 	C:\WINDOWS\System32\win32u.dll
0x00007fffb0260000 - 0x00007fffb0309000 	C:\WINDOWS\System32\msvcrt.dll
0x00007fffafaa0000 - 0x00007fffafaca000 	C:\WINDOWS\System32\GDI32.dll
0x00007fffaddd0000 - 0x00007fffadf01000 	C:\WINDOWS\System32\gdi32full.dll
0x00007fffae150000 - 0x00007fffae1f3000 	C:\WINDOWS\System32\msvcp_win.dll
0x00007fffae6c0000 - 0x00007fffae6ef000 	C:\WINDOWS\System32\IMM32.DLL
0x00007fffa0220000 - 0x00007fffa022c000 	C:\Program Files\Android\Android Studio\jbr\bin\vcruntime140_1.dll
0x00007fff5e010000 - 0x00007fff5e09d000 	C:\Program Files\Android\Android Studio\jbr\bin\msvcp140.dll
0x00007fff26570000 - 0x00007fff271fa000 	C:\Program Files\Android\Android Studio\jbr\bin\server\jvm.dll
0x00007fffae510000 - 0x00007fffae5c2000 	C:\WINDOWS\System32\ADVAPI32.dll
0x00007fffae200000 - 0x00007fffae2a6000 	C:\WINDOWS\System32\sechost.dll
0x00007fffae7f0000 - 0x00007fffae906000 	C:\WINDOWS\System32\RPCRT4.dll
0x00007fffae490000 - 0x00007fffae504000 	C:\WINDOWS\System32\WS2_32.dll
0x00007ffface10000 - 0x00007ffface6e000 	C:\WINDOWS\SYSTEM32\POWRPROF.dll
0x00007fff99540000 - 0x00007fff99576000 	C:\WINDOWS\SYSTEM32\WINMM.dll
0x00007fffa3de0000 - 0x00007fffa3deb000 	C:\WINDOWS\SYSTEM32\VERSION.dll
0x00007fffacae0000 - 0x00007fffacaf4000 	C:\WINDOWS\SYSTEM32\UMPDC.dll
0x00007fffabba0000 - 0x00007fffabbba000 	C:\WINDOWS\SYSTEM32\kernel.appcore.dll
0x00007fff9f740000 - 0x00007fff9f74a000 	C:\Program Files\Android\Android Studio\jbr\bin\jimage.dll
0x00007ffface80000 - 0x00007fffad0c1000 	C:\WINDOWS\SYSTEM32\DBGHELP.DLL
0x00007fffae910000 - 0x00007fffaec92000 	C:\WINDOWS\System32\combase.dll
0x00007fffaf6e0000 - 0x00007fffaf7b6000 	C:\WINDOWS\System32\OLEAUT32.dll
0x00007fffacd00000 - 0x00007fffacd39000 	C:\WINDOWS\SYSTEM32\dbgcore.DLL
0x00007fffadd30000 - 0x00007fffaddc9000 	C:\WINDOWS\System32\bcryptPrimitives.dll
0x00007fff849d0000 - 0x00007fff849de000 	C:\Program Files\Android\Android Studio\jbr\bin\instrument.dll
0x00007fff9f720000 - 0x00007fff9f740000 	C:\Program Files\Android\Android Studio\jbr\bin\java.dll
0x00007fff9f700000 - 0x00007fff9f718000 	C:\Program Files\Android\Android Studio\jbr\bin\zip.dll
0x00007fffafad0000 - 0x00007fffb01f9000 	C:\WINDOWS\System32\SHELL32.dll
0x00007fffad7c0000 - 0x00007fffad928000 	C:\WINDOWS\System32\wintypes.dll
0x00007fffaa7e0000 - 0x00007fffab032000 	C:\WINDOWS\SYSTEM32\windows.storage.dll
0x00007fffaeca0000 - 0x00007fffaed8d000 	C:\WINDOWS\System32\SHCORE.dll
0x00007fffae700000 - 0x00007fffae764000 	C:\WINDOWS\System32\shlwapi.dll
0x00007fffad4f0000 - 0x00007fffad51f000 	C:\WINDOWS\SYSTEM32\profapi.dll
0x00007fff9f6f0000 - 0x00007fff9f700000 	C:\Program Files\Android\Android Studio\jbr\bin\net.dll
0x00007fffa3ca0000 - 0x00007fffa3dbd000 	C:\WINDOWS\SYSTEM32\WINHTTP.dll
0x00007fffac230000 - 0x00007fffac29a000 	C:\WINDOWS\system32\mswsock.dll
0x00007fff9f510000 - 0x00007fff9f526000 	C:\Program Files\Android\Android Studio\jbr\bin\nio.dll
0x00007fff983b0000 - 0x00007fff983c0000 	C:\Program Files\Android\Android Studio\jbr\bin\verify.dll
0x00007fff7e320000 - 0x00007fff7e347000 	C:\Users\memni\.gradle\native\c067742578af261105cb4f569cf0c3c89f3d7b1fecec35dd04571415982c5e48\windows-amd64\native-platform.dll
0x00007fff21100000 - 0x00007fff21244000 	C:\Users\memni\.gradle\native\100fb08df4bc3b14c8652ba06237920a3bd2aa13389f12d3474272988ae205f9\windows-amd64\native-platform-file-events.dll
0x00007fff9f4f0000 - 0x00007fff9f4f9000 	C:\Program Files\Android\Android Studio\jbr\bin\management.dll
0x00007fff9f4e0000 - 0x00007fff9f4eb000 	C:\Program Files\Android\Android Studio\jbr\bin\management_ext.dll
0x00007fffaed90000 - 0x00007fffaed98000 	C:\WINDOWS\System32\PSAPI.DLL
0x00007fffad1f0000 - 0x00007fffad20c000 	C:\WINDOWS\SYSTEM32\CRYPTSP.dll
0x00007fffaba70000 - 0x00007fffabaaa000 	C:\WINDOWS\system32\rsaenh.dll
0x00007fffac2d0000 - 0x00007fffac2fb000 	C:\WINDOWS\SYSTEM32\USERENV.dll
0x00007fffad4c0000 - 0x00007fffad4e6000 	C:\WINDOWS\SYSTEM32\bcrypt.dll
0x00007fffac630000 - 0x00007fffac63c000 	C:\WINDOWS\SYSTEM32\CRYPTBASE.dll
0x00007fffab4e0000 - 0x00007fffab513000 	C:\WINDOWS\SYSTEM32\IPHLPAPI.DLL
0x00007fffaf7c0000 - 0x00007fffaf7ca000 	C:\WINDOWS\System32\NSI.dll
0x00007fff9f500000 - 0x00007fff9f509000 	C:\Program Files\Android\Android Studio\jbr\bin\extnet.dll
0x00007fff84310000 - 0x00007fff84318000 	C:\WINDOWS\system32\wshunix.dll
0x00007fffab5d0000 - 0x00007fffab6f5000 	C:\WINDOWS\SYSTEM32\DNSAPI.dll
0x00007fffa5af0000 - 0x00007fffa5afb000 	C:\Windows\System32\rasadhlp.dll
0x00007fffa0ad0000 - 0x00007fffa0b55000 	C:\WINDOWS\System32\fwpuclnt.dll
0x00007fff73860000 - 0x00007fff73878000 	C:\WINDOWS\system32\napinsp.dll
0x00007fff72420000 - 0x00007fff72432000 	C:\WINDOWS\System32\winrnr.dll
0x00007fff70f90000 - 0x00007fff70fc0000 	C:\WINDOWS\system32\nlansp_c.dll
0x00007fff7b340000 - 0x00007fff7b356000 	C:\WINDOWS\system32\wshbth.dll

dbghelp: loaded successfully - version: 4.0.5 - missing functions: none
symbol engine: initialized successfully - sym options: 0x614 - pdb path: .;C:\Program Files\Android\Android Studio\jbr\bin;C:\WINDOWS\SYSTEM32;C:\WINDOWS\WinSxS\amd64_microsoft.windows.common-controls_6595b64144ccf1df_6.0.26100.3624_none_3e086962e3345f24;C:\Program Files\Android\Android Studio\jbr\bin\server;C:\Users\memni\.gradle\native\c067742578af261105cb4f569cf0c3c89f3d7b1fecec35dd04571415982c5e48\windows-amd64;C:\Users\memni\.gradle\native\100fb08df4bc3b14c8652ba06237920a3bd2aa13389f12d3474272988ae205f9\windows-amd64

VM Arguments:
jvm_args: --add-opens=java.base/java.util=ALL-UNNAMED --add-opens=java.base/java.lang=ALL-UNNAMED --add-opens=java.base/java.lang.invoke=ALL-UNNAMED --add-opens=java.prefs/java.util.prefs=ALL-UNNAMED --add-exports=jdk.compiler/com.sun.tools.javac.api=ALL-UNNAMED --add-exports=jdk.compiler/com.sun.tools.javac.util=ALL-UNNAMED --add-opens=java.base/java.nio.charset=ALL-UNNAMED --add-opens=java.base/java.net=ALL-UNNAMED --add-opens=java.base/java.util.concurrent.atomic=ALL-UNNAMED -Xmx2048m -Dfile.encoding=UTF-8 -Duser.country=US -Duser.language=en -Duser.variant -javaagent:C:\Users\memni\.gradle\wrapper\dists\gradle-8.10.2-bin\a04bxjujx95o3nb99gddekhwo\gradle-8.10.2\lib\agents\gradle-instrumentation-agent-8.10.2.jar 
java_command: org.gradle.launcher.daemon.bootstrap.GradleDaemon 8.10.2
java_class_path (initial): C:\Users\memni\.gradle\wrapper\dists\gradle-8.10.2-bin\a04bxjujx95o3nb99gddekhwo\gradle-8.10.2\lib\gradle-daemon-main-8.10.2.jar
Launcher Type: SUN_STANDARD

[Global flags]
     intx CICompilerCount                          = 4                                         {product} {ergonomic}
     uint ConcGCThreads                            = 2                                         {product} {ergonomic}
     uint G1ConcRefinementThreads                  = 8                                         {product} {ergonomic}
   size_t G1HeapRegionSize                         = 1048576                                   {product} {ergonomic}
    uintx GCDrainStackTargetSize                   = 64                                        {product} {ergonomic}
   size_t InitialHeapSize                          = 266338304                                 {product} {ergonomic}
   size_t MarkStackSize                            = 4194304                                   {product} {ergonomic}
   size_t MaxHeapSize                              = 2147483648                                {product} {command line}
   size_t MaxNewSize                               = 1287651328                                {product} {ergonomic}
   size_t MinHeapDeltaBytes                        = 1048576                                   {product} {ergonomic}
   size_t MinHeapSize                              = 8388608                                   {product} {ergonomic}
    uintx NonNMethodCodeHeapSize                   = 5839372                                {pd product} {ergonomic}
    uintx NonProfiledCodeHeapSize                  = 122909434                              {pd product} {ergonomic}
    uintx ProfiledCodeHeapSize                     = 122909434                              {pd product} {ergonomic}
    uintx ReservedCodeCacheSize                    = 251658240                              {pd product} {ergonomic}
     bool SegmentedCodeCache                       = true                                      {product} {ergonomic}
   size_t SoftMaxHeapSize                          = 2147483648                             {manageable} {ergonomic}
     bool UseCompressedOops                        = true                           {product lp64_product} {ergonomic}
     bool UseG1GC                                  = true                                      {product} {ergonomic}
     bool UseLargePagesIndividualAllocation        = false                                  {pd product} {ergonomic}

Logging:
Log output configuration:
 #0: stdout all=warning uptime,level,tags foldmultilines=false
 #1: stderr all=off uptime,level,tags foldmultilines=false

Environment Variables:
JAVA_HOME=C:\Program Files\Java\jdk-17
PATH=C:\Program Files (x86)\VMware\VMware Workstation\bin\;C:\Program Files\Common Files\Oracle\Java\javapath;C:\Program Files (x86)\Common Files\Oracle\Java\java8path;C:\Program Files (x86)\Common Files\Oracle\Java\javapath;C:\app\memni\product\21c\dbhomeXE\bin;C:\Program Files (x86)\Common Files\Intel\Shared Libraries\redist\intel64\compiler;C:\Windows\system32;C:\Windows;C:\Windows\System32\Wbem;C:\Windows\System32\WindowsPowerShell\v1.0\;C:\Windows\System32\OpenSSH\;C:\Program Files (x86)\NVIDIA Corporation\PhysX\Common;C:\Program Files\dotnet\;C:\Program Files\MiKTeX\miktex\bin\x64\;C:\WINDOWS\system32;C:\WINDOWS;C:\WINDOWS\System32\Wbem;C:\WINDOWS\System32\WindowsPowerShell\v1.0\;C:\WINDOWS\System32\OpenSSH\;C:\Program Files\Git\cmd;C:\Program Files\Docker\Docker\resources\bin;C:\Program Files\Java\jdk-17\bin;C:\Program Files\NVIDIA Corporation\NVIDIA app\NvDLISR;C:\Users\memni\AppData\Local\nvm;C:\nvm4w\nodejs;C:\Program Files\nodejs\;C:\Users\memni\AppData\Local\Microsoft\WindowsApps;C:\Users\memni\.dotnet\tools;C:\Users\memni\AppData\Local\Programs\Microsoft VS Code\bin;C:\MinGW\bin;C:\Users\memni\AppData\Local\GitHubDesktop\bin;C:\Program Files\JetBrains\IntelliJ IDEA 2024.3\bin;;C:\Users\memni\AppData\Local\nvm;C:\nvm4w\nodejs;C:\Users\memni\AppData\Roaming\npm
USERNAME=memni
OS=Windows_NT
PROCESSOR_IDENTIFIER=Intel64 Family 6 Model 165 Stepping 2, GenuineIntel
TMP=C:\Users\memni\AppData\Local\Temp
TEMP=C:\Users\memni\AppData\Local\Temp




Periodic native trim disabled

JNI global refs:
JNI global refs: 29, weak refs: 0

JNI global refs memory usage: 835, weak refs: 201

Process memory usage:
Resident Set Size: 533108K (3% of 16609236K total physical memory with 5124220K free physical memory)

OOME stack traces (most recent first):
Classloader memory used:
Loader org.gradle.internal.classloader.VisitableURLClassLoader                         : 42740K
Loader bootstrap                                                                       : 33442K
Loader org.gradle.internal.classloader.VisitableURLClassLoader$InstrumentingVisitableURLClassLoader: 29317K
Loader org.gradle.initialization.MixInLegacyTypesClassLoader                           : 13808K
Loader jdk.internal.loader.ClassLoaders$AppClassLoader                                 : 1438K
Loader jdk.internal.loader.ClassLoaders$PlatformClassLoader                            : 889K
Loader jdk.internal.reflect.DelegatingClassLoader                                      : 368K
Loader org.gradle.internal.classloader.VisitableURLClassLoader                         : 207K
Loader sun.reflect.misc.MethodUtil                                                     : 2952B

Classes loaded by more than one classloader:
Class Program                                                                         : loaded 5 times (x 68B)
Class Build_gradle                                                                    : loaded 3 times (x 126B)
Class Build_gradle$1                                                                  : loaded 3 times (x 70B)
Class org.gradle.internal.classloader.FilteringClassLoader                            : loaded 2 times (x 101B)
Class [Lcom.google.common.base.AbstractIterator$State;                                : loaded 2 times (x 65B)
Class com.google.common.base.CharMatcher$IsEither                                     : loaded 2 times (x 107B)
Class org.gradle.internal.classloader.ClassLoaderHierarchy                            : loaded 2 times (x 66B)
Class com.google.common.collect.ImmutableEnumSet                                      : loaded 2 times (x 142B)
Class com.google.common.util.concurrent.ExecutionError                                : loaded 2 times (x 78B)
Class com.google.common.collect.ImmutableList$1                                       : loaded 2 times (x 93B)
Class org.gradle.api.internal.classpath.ManifestUtil                                  : loaded 2 times (x 67B)
Class com.google.common.collect.RegularImmutableMap                                   : loaded 2 times (x 117B)
Class com.google.common.collect.ImmutableMap$MapViewOfValuesAsSingletonSets           : loaded 2 times (x 121B)
Class com.google.common.reflect.TypeCapture                                           : loaded 2 times (x 67B)
Class [Lorg.objectweb.asm.Symbol;                                                     : loaded 2 times (x 65B)
Class org.objectweb.asm.ClassVisitor                                                  : loaded 2 times (x 84B)
Class com.google.common.collect.UnmodifiableListIterator                              : loaded 2 times (x 91B)
Class com.google.common.base.Platform$JdkPatternCompiler                              : loaded 2 times (x 71B)
Class org.objectweb.asm.MethodTooLargeException                                       : loaded 2 times (x 79B)
Class [Lcom.google.common.cache.CacheBuilder$OneWeigher;                              : loaded 2 times (x 65B)
Class com.google.common.base.Suppliers                                                : loaded 2 times (x 67B)
Class org.gradle.internal.classloader.DefaultClassLoaderFactory                       : loaded 2 times (x 78B)
Class com.google.common.base.CharMatcher$None                                         : loaded 2 times (x 108B)
Class org.gradle.internal.classloader.ClassLoaderVisitor                              : loaded 2 times (x 72B)
Class [Lcom.google.common.collect.ImmutableMapEntry;                                  : loaded 2 times (x 65B)
Class org.gradle.api.internal.classpath.EffectiveClassPath                            : loaded 2 times (x 86B)
Class [Lorg.apache.commons.io.StandardLineSeparator;                                  : loaded 2 times (x 65B)
Class org.apache.commons.io.output.StringBuilderWriter                                : loaded 2 times (x 96B)
Class com.google.common.collect.ImmutableEnumMap                                      : loaded 2 times (x 121B)
Class com.google.common.collect.ListMultimap                                          : loaded 2 times (x 66B)
Class com.google.common.collect.Sets$1                                                : loaded 2 times (x 135B)
Class org.objectweb.asm.AnnotationVisitor                                             : loaded 2 times (x 74B)
Class com.google.common.base.Splitter                                                 : loaded 2 times (x 68B)
Class org.gradle.api.internal.DefaultClassPathProvider                                : loaded 2 times (x 72B)
Class com.google.common.collect.Sets$2                                                : loaded 2 times (x 135B)
Class [Lorg.gradle.api.internal.ClassPathProvider;                                    : loaded 2 times (x 65B)
Class org.gradle.api.internal.ClassPathProvider                                       : loaded 2 times (x 66B)
Class com.google.common.reflect.Types$ClassOwnership$1                                : loaded 2 times (x 76B)
Class [Lorg.objectweb.asm.AnnotationVisitor;                                          : loaded 2 times (x 65B)
Class com.google.common.collect.Sets$3                                                : loaded 2 times (x 135B)
Class com.google.common.util.concurrent.AbstractFuture$SafeAtomicHelper               : loaded 2 times (x 75B)
Class com.google.common.cache.LocalCache$LocalLoadingCache                            : loaded 2 times (x 130B)
Class com.google.common.base.AbstractIterator$State                                   : loaded 2 times (x 75B)
Class org.gradle.internal.service.UnknownServiceException                             : loaded 2 times (x 79B)
Class com.google.common.reflect.Types$ClassOwnership$2                                : loaded 2 times (x 76B)
Class com.google.common.reflect.TypeResolver                                          : loaded 2 times (x 68B)
Class com.google.common.collect.Sets$4                                                : loaded 2 times (x 135B)
Class org.objectweb.asm.ModuleVisitor                                                 : loaded 2 times (x 77B)
Class com.google.common.cache.LocalCache$Strength$1                                   : loaded 2 times (x 77B)
Class com.google.common.reflect.Types$ClassOwnership$3                                : loaded 2 times (x 67B)
Class org.apache.commons.io.output.QueueOutputStream                                  : loaded 2 times (x 83B)
Class com.google.common.util.concurrent.SettableFuture                                : loaded 2 times (x 110B)
Class com.google.common.cache.LocalCache$Strength$2                                   : loaded 2 times (x 77B)
Class com.google.common.cache.LocalCache$Strength$3                                   : loaded 2 times (x 77B)
Class com.google.common.collect.MapDifference                                         : loaded 2 times (x 66B)
Class com.google.common.base.Splitter$1                                               : loaded 2 times (x 73B)
Class com.google.common.reflect.Invokable                                             : loaded 2 times (x 99B)
Class org.objectweb.asm.FieldWriter                                                   : loaded 2 times (x 74B)
Class com.google.common.cache.CacheBuilder$NullListener                               : loaded 2 times (x 78B)
Class org.gradle.internal.classpath.TransformedClassPath                              : loaded 2 times (x 92B)
Class org.gradle.internal.classloader.InstrumentingClassLoader                        : loaded 2 times (x 66B)
Class com.google.common.reflect.Types$ParameterizedTypeImpl                           : loaded 2 times (x 77B)
Class org.apache.commons.io.output.UnsynchronizedByteArrayOutputStream                : loaded 2 times (x 98B)
Class com.google.common.cache.CacheLoader$FunctionToCacheLoader                       : loaded 2 times (x 71B)
Class com.google.common.collect.Iterators$ArrayItr                                    : loaded 2 times (x 93B)
Class com.google.common.collect.ImmutableCollection$Builder                           : loaded 2 times (x 72B)
Class com.google.common.reflect.TypeResolver$TypeVariableKey                          : loaded 2 times (x 68B)
Class org.apache.commons.io.output.ByteArrayOutputStream                              : loaded 2 times (x 98B)
Class com.google.common.base.Joiner                                                   : loaded 2 times (x 75B)
Class com.google.common.base.MoreObjects                                              : loaded 2 times (x 67B)
Class [Lorg.objectweb.asm.Type;                                                       : loaded 2 times (x 65B)
Class com.google.common.collect.Platform                                              : loaded 2 times (x 67B)
Class com.google.common.collect.UnmodifiableIterator                                  : loaded 2 times (x 76B)
Class org.gradle.internal.service.ServiceLocator                                      : loaded 2 times (x 66B)
Class com.google.common.base.Ascii                                                    : loaded 2 times (x 67B)
Class com.google.common.collect.SingletonImmutableBiMap                               : loaded 2 times (x 139B)
Class com.google.common.cache.LocalCache$1                                            : loaded 2 times (x 85B)
Class com.google.common.collect.AbstractMapEntry                                      : loaded 2 times (x 77B)
Class com.google.common.reflect.TypeToken$SimpleTypeToken                             : loaded 2 times (x 69B)
Class com.google.common.collect.Sets$ImprovedAbstractSet                              : loaded 2 times (x 131B)
Class com.google.common.collect.ImmutableList$Builder                                 : loaded 2 times (x 73B)
Class com.google.common.cache.LocalCache$2                                            : loaded 2 times (x 138B)
Class com.google.common.collect.AbstractMultimap                                      : loaded 2 times (x 119B)
Class com.google.common.util.concurrent.AbstractFuture$UnsafeAtomicHelper$1           : loaded 2 times (x 72B)
Class com.google.common.collect.RegularImmutableAsList                                : loaded 2 times (x 212B)
Class com.google.common.util.concurrent.AbstractFuture$Trusted                        : loaded 2 times (x 66B)
Class com.google.common.collect.Iterators                                             : loaded 2 times (x 67B)
Class com.google.common.base.CharMatcher$RangesMatcher                                : loaded 2 times (x 108B)
Class com.google.common.util.concurrent.UncheckedExecutionException                   : loaded 2 times (x 78B)
Class com.google.common.collect.Lists$StringAsImmutableList                           : loaded 2 times (x 203B)
Class org.gradle.kotlin.dsl.VersionCatalogAccessorsKt                                 : loaded 2 times (x 67B)
Class com.google.common.base.CharMatcher$JavaLetterOrDigit                            : loaded 2 times (x 107B)
Class org.gradle.internal.InternalTransformer                                         : loaded 2 times (x 66B)
Class com.google.common.collect.AbstractMapBasedMultimap$KeySet$1                     : loaded 2 times (x 78B)
Class org.objectweb.asm.ClassWriter                                                   : loaded 2 times (x 102B)
Class com.google.common.cache.CacheLoader$UnsupportedLoadingOperationException        : loaded 2 times (x 78B)
Class com.google.common.base.CharMatcher$And                                          : loaded 2 times (x 108B)
Class org.gradle.internal.classloader.ClasspathUtil$1                                 : loaded 2 times (x 72B)
Class org.objectweb.asm.FieldVisitor                                                  : loaded 2 times (x 73B)
Class com.google.common.collect.IndexedImmutableSet                                   : loaded 2 times (x 146B)
Class com.google.common.collect.ImmutableMap$1                                        : loaded 2 times (x 77B)
Class com.google.common.collect.BiMap                                                 : loaded 2 times (x 66B)
Class org.gradle.api.internal.classpath.DefaultModuleRegistry$DefaultModule           : loaded 2 times (x 82B)
Class com.google.common.reflect.Reflection                                            : loaded 2 times (x 67B)
Class com.google.common.primitives.Ints                                               : loaded 2 times (x 67B)
Class com.google.common.collect.AbstractIterator                                      : loaded 2 times (x 78B)
Class com.google.common.math.MathPreconditions                                        : loaded 2 times (x 67B)
Class com.google.common.collect.Multiset                                              : loaded 2 times (x 66B)
Class com.google.common.collect.ArrayListMultimapGwtSerializationDependencies         : loaded 2 times (x 168B)
Class com.google.common.collect.RegularImmutableMap$KeySet                            : loaded 2 times (x 146B)
Class com.google.common.collect.AbstractIndexedListIterator                           : loaded 2 times (x 92B)
Class org.apache.commons.io.output.NullOutputStream                                   : loaded 2 times (x 81B)
Class com.google.common.collect.ImmutableMapEntrySet                                  : loaded 2 times (x 147B)
Class org.gradle.api.internal.classpath.Module                                        : loaded 2 times (x 66B)
Class com.google.common.cache.Weigher                                                 : loaded 2 times (x 66B)
Class org.gradle.api.internal.classpath.UnknownModuleException                        : loaded 2 times (x 78B)
Class com.google.common.base.Stopwatch                                                : loaded 2 times (x 68B)
Class com.google.common.cache.LocalCache$Strength                                     : loaded 2 times (x 77B)
Class com.google.common.cache.Cache                                                   : loaded 2 times (x 66B)
Class com.google.common.util.concurrent.AbstractFuture$Cancellation                   : loaded 2 times (x 68B)
Class com.google.common.collect.ImmutableMap$Builder                                  : loaded 2 times (x 78B)
Class com.google.common.base.NullnessCasts                                            : loaded 2 times (x 67B)
Class com.google.common.cache.RemovalListener                                         : loaded 2 times (x 66B)
Class org.gradle.api.internal.DefaultClassPathRegistry                                : loaded 2 times (x 72B)
Class com.google.common.reflect.Invokable$ConstructorInvokable                        : loaded 2 times (x 103B)
Class com.google.common.primitives.IntsMethodsForWeb                                  : loaded 2 times (x 67B)
Class com.google.common.collect.Multimap                                              : loaded 2 times (x 66B)
Class org.gradle.api.internal.ClassPathRegistry                                       : loaded 2 times (x 66B)
Class org.gradle.internal.classpath.DefaultClassPath$ImmutableUniqueList              : loaded 2 times (x 195B)
Class com.google.common.reflect.TypeToken                                             : loaded 2 times (x 69B)
Class org.apache.commons.io.IOUtils                                                   : loaded 2 times (x 67B)
Class com.google.common.base.Equivalence$Identity                                     : loaded 2 times (x 78B)
Class com.google.common.cache.CacheBuilder                                            : loaded 2 times (x 68B)
Class com.google.common.collect.SingletonImmutableList                                : loaded 2 times (x 203B)
Class Settings_gradle$1                                                               : loaded 2 times (x 71B)
Class org.gradle.internal.classpath.ClassPath                                         : loaded 2 times (x 66B)
Class org.gradle.api.UncheckedIOException                                             : loaded 2 times (x 78B)
Class [Lcom.google.common.reflect.Types$JavaVersion;                                  : loaded 2 times (x 65B)
Class com.google.common.collect.ImmutableList$ReverseImmutableList                    : loaded 2 times (x 204B)
Class com.google.common.base.JdkPattern                                               : loaded 2 times (x 71B)
Class org.objectweb.asm.SymbolTable$Entry                                             : loaded 2 times (x 70B)
Class com.google.common.util.concurrent.AbstractFuture$AtomicHelper                   : loaded 2 times (x 74B)
Class org.objectweb.asm.Edge                                                          : loaded 2 times (x 68B)
Class com.google.common.base.Suppliers$SupplierOfInstance                             : loaded 2 times (x 75B)
Class com.google.common.collect.Iterators$1                                           : loaded 2 times (x 77B)
Class com.google.common.reflect.TypeToken$1                                           : loaded 2 times (x 106B)
Class com.google.common.cache.LocalCache$ComputingValueReference                      : loaded 2 times (x 92B)
Class com.google.common.collect.SingletonImmutableSet                                 : loaded 2 times (x 142B)
Class com.google.common.collect.ImmutableMap$IteratorBasedImmutableMap                : loaded 2 times (x 121B)
Class com.google.common.reflect.TypeToken$2                                           : loaded 2 times (x 106B)
Class com.google.common.cache.LocalCache$Segment                                      : loaded 2 times (x 150B)
Class [Lorg.objectweb.asm.SymbolTable$Entry;                                          : loaded 2 times (x 65B)
Class com.google.common.cache.CacheLoader                                             : loaded 2 times (x 70B)
Class com.google.common.collect.Iterators$4                                           : loaded 2 times (x 78B)
Class com.google.common.collect.ImmutableBiMap                                        : loaded 2 times (x 139B)
Class com.google.common.collect.AbstractListMultimap                                  : loaded 2 times (x 168B)
Class org.gradle.internal.installation.GradleInstallation$1                           : loaded 2 times (x 71B)
Class org.gradle.api.internal.classpath.ModuleRegistry                                : loaded 2 times (x 66B)
Class org.apache.commons.io.output.NullWriter                                         : loaded 2 times (x 95B)
Class com.google.common.util.concurrent.internal.InternalFutureFailureAccess          : loaded 2 times (x 68B)
Class com.google.common.collect.Iterators$5                                           : loaded 2 times (x 78B)
Class com.google.common.collect.ImmutableSet$JdkBackedSetBuilderImpl                  : loaded 2 times (x 72B)
Class com.google.common.base.Splitter$SplittingIterator                               : loaded 2 times (x 80B)
Class com.google.common.util.concurrent.AbstractFuture$UnsafeAtomicHelper             : loaded 2 times (x 74B)
Class com.google.common.cache.LocalCache$LocalManualCache$1                           : loaded 2 times (x 71B)
Class com.google.common.base.CharMatcher$ForPredicate                                 : loaded 2 times (x 108B)
Class com.google.common.collect.ImmutableCollection                                   : loaded 2 times (x 121B)
Class com.google.common.base.CharMatcher$AnyOf                                        : loaded 2 times (x 108B)
Class org.gradle.api.internal.classpath.DefaultModuleRegistry                         : loaded 2 times (x 82B)
Class com.google.common.util.concurrent.ListenableFuture                              : loaded 2 times (x 66B)
Class com.google.common.cache.ReferenceEntry                                          : loaded 2 times (x 66B)
Class com.google.common.collect.ImmutableSet$CachingAsList                            : loaded 2 times (x 143B)
Class com.google.common.base.Converter                                                : loaded 2 times (x 86B)
Class com.google.common.collect.Lists                                                 : loaded 2 times (x 67B)
Class com.google.common.base.CharMatcher$Any                                          : loaded 2 times (x 108B)
Class com.google.common.util.concurrent.AbstractFuture                                : loaded 2 times (x 102B)
Class com.google.common.base.FunctionalEquivalence                                    : loaded 2 times (x 79B)
Class com.google.common.collect.Iterators$9                                           : loaded 2 times (x 77B)
Class com.google.common.collect.AbstractMapBasedMultimap                              : loaded 2 times (x 135B)
Class com.google.common.collect.ImmutableAsList                                       : loaded 2 times (x 205B)
Class com.google.common.reflect.TypeResolver$TypeTable                                : loaded 2 times (x 69B)
Class org.objectweb.asm.RecordComponentVisitor                                        : loaded 2 times (x 73B)
Class com.google.common.cache.CacheLoader$SupplierToCacheLoader                       : loaded 2 times (x 71B)
Class com.google.common.reflect.TypeResolver$TypeTable$1                              : loaded 2 times (x 69B)
Class com.google.common.collect.Maps$EntryTransformer                                 : loaded 2 times (x 66B)
Class org.gradle.internal.service.ServiceLookupException                              : loaded 2 times (x 78B)
Class com.google.common.collect.Lists$ReverseList                                     : loaded 2 times (x 196B)
Class [Lcom.google.common.cache.LocalCache$EntryFactory;                              : loaded 2 times (x 65B)
Class com.google.common.base.CharMatcher$JavaLetter                                   : loaded 2 times (x 107B)
Class org.gradle.internal.classloader.ClassLoaderFactory                              : loaded 2 times (x 66B)
Class org.apache.commons.io.CloseableURLConnection                                    : loaded 2 times (x 113B)
Class com.google.common.cache.LocalCache$LocalManualCache                             : loaded 2 times (x 95B)
Class com.google.common.base.CharMatcher$IsNot                                        : loaded 2 times (x 107B)
Class com.google.common.base.CommonPattern                                            : loaded 2 times (x 70B)
Class org.gradle.internal.service.CachingServiceLocator                               : loaded 2 times (x 78B)
Class com.google.common.collect.AbstractMapBasedMultimap$KeySet                       : loaded 2 times (x 133B)
Class com.google.common.math.IntMath                                                  : loaded 2 times (x 67B)
Class com.google.common.reflect.Types$TypeVariableInvocationHandler                   : loaded 2 times (x 71B)
Class com.google.common.collect.Iterators$10                                          : loaded 2 times (x 77B)
Class com.google.common.collect.ImmutableMapEntry                                     : loaded 2 times (x 81B)
Class com.google.common.base.CharMatcher$JavaDigit                                    : loaded 2 times (x 107B)
Class com.google.common.base.Equivalence                                              : loaded 2 times (x 78B)
Class com.google.common.collect.ImmutableMapEntry$NonTerminalImmutableMapEntry        : loaded 2 times (x 81B)
Class com.google.common.base.Function                                                 : loaded 2 times (x 66B)
Class org.apache.commons.io.output.AbstractByteArrayOutputStream                      : loaded 2 times (x 98B)
Class com.google.common.cache.CacheBuilder$OneWeigher                                 : loaded 2 times (x 78B)
Class com.google.common.collect.RegularImmutableList                                  : loaded 2 times (x 208B)
Class com.google.common.reflect.Types$ClassOwnership$1LocalClass                      : loaded 2 times (x 67B)
Class com.google.common.collect.ImmutableBiMapFauxverideShim                          : loaded 2 times (x 116B)
Class org.gradle.internal.classloader.ClasspathUtil                                   : loaded 2 times (x 67B)
Class com.google.common.base.Charsets                                                 : loaded 2 times (x 67B)
Class com.google.common.util.concurrent.Uninterruptibles                              : loaded 2 times (x 67B)
Class com.google.common.collect.Maps                                                  : loaded 2 times (x 67B)
Class com.google.common.base.CharMatcher$JavaUpperCase                                : loaded 2 times (x 107B)
Class org.gradle.api.specs.Spec                                                       : loaded 2 times (x 66B)
Class com.google.common.reflect.Types$JavaVersion                                     : loaded 2 times (x 79B)
Class [Lcom.google.common.collect.ImmutableEntry;                                     : loaded 2 times (x 65B)
Class com.google.common.cache.LocalCache$LoadingValueReference                        : loaded 2 times (x 92B)
Class com.google.common.collect.ObjectArrays                                          : loaded 2 times (x 67B)
Class com.google.common.reflect.Invokable$MethodInvokable                             : loaded 2 times (x 103B)
Class com.google.common.base.Platform                                                 : loaded 2 times (x 67B)
Class Build_gradle$2                                                                  : loaded 2 times (x 75B)
Class [Lorg.objectweb.asm.AnnotationWriter;                                           : loaded 2 times (x 65B)
Class com.google.common.primitives.Ints$IntConverter                                  : loaded 2 times (x 86B)
Class com.google.common.collect.Maps$8                                                : loaded 2 times (x 78B)
Class com.google.common.collect.Lists$ReverseList$1                                   : loaded 2 times (x 95B)
Class com.google.common.collect.Sets$SetView                                          : loaded 2 times (x 134B)
Class com.google.common.cache.LocalCache$StrongValueReference                         : loaded 2 times (x 86B)
Class com.google.common.util.concurrent.AbstractFuture$SynchronizedHelper             : loaded 2 times (x 74B)
Class com.google.common.base.CharMatcher$Invisible                                    : loaded 2 times (x 108B)
Class org.objectweb.asm.Type                                                          : loaded 2 times (x 68B)
Class org.gradle.internal.classloader.VisitableURLClassLoader$InstrumentingVisitableURLClassLoader: loaded 2 times (x 119B)
Class org.objectweb.asm.ByteVector                                                    : loaded 2 times (x 75B)
Class [Lcom.google.common.cache.CacheBuilder$NullListener;                            : loaded 2 times (x 65B)
Class com.google.common.math.IntMath$1                                                : loaded 2 times (x 67B)
Class org.gradle.internal.classloader.VisitableURLClassLoader$Spec                    : loaded 2 times (x 70B)
Class org.gradle.internal.classpath.DefaultClassPath                                  : loaded 2 times (x 86B)
Class com.google.common.reflect.Types$ClassOwnership                                  : loaded 2 times (x 76B)
Class org.objectweb.asm.Symbol                                                        : loaded 2 times (x 69B)
Class com.google.common.base.AbstractIterator                                         : loaded 2 times (x 76B)
Class com.google.common.collect.RegularImmutableMap$Values                            : loaded 2 times (x 203B)
Class com.google.common.collect.ImmutableSet                                          : loaded 2 times (x 141B)
Class com.google.common.base.CharMatcher$BitSetMatcher                                : loaded 2 times (x 108B)
Class com.google.common.base.CharMatcher$Ascii                                        : loaded 2 times (x 108B)
Class org.gradle.internal.classloader.ClassLoaderSpec                                 : loaded 2 times (x 67B)
Class org.objectweb.asm.AnnotationWriter                                              : loaded 2 times (x 75B)
Class com.google.common.cache.CacheStats                                              : loaded 2 times (x 67B)
Class org.objectweb.asm.RecordComponentWriter                                         : loaded 2 times (x 74B)
Class com.google.common.util.concurrent.AbstractFuture$Listener                       : loaded 2 times (x 68B)
Class com.google.common.base.CharMatcher$Or                                           : loaded 2 times (x 108B)
Class Settings_gradle$1$1                                                             : loaded 2 times (x 71B)
Class org.objectweb.asm.Attribute                                                     : loaded 2 times (x 73B)
Class com.google.common.base.Supplier                                                 : loaded 2 times (x 66B)
Class org.gradle.internal.classloader.VisitableURLClassLoader                         : loaded 2 times (x 113B)
Class com.google.common.util.concurrent.AbstractFuture$Waiter                         : loaded 2 times (x 68B)
Class Settings_gradle                                                                 : loaded 2 times (x 124B)
Class org.gradle.internal.Cast                                                        : loaded 2 times (x 67B)
Class org.gradle.api.Action                                                           : loaded 2 times (x 66B)
Class com.google.common.base.Strings                                                  : loaded 2 times (x 67B)
Class com.google.common.collect.Sets                                                  : loaded 2 times (x 67B)
Class org.objectweb.asm.Handler                                                       : loaded 2 times (x 68B)
Class com.google.common.base.Ticker                                                   : loaded 2 times (x 68B)
Class com.google.common.base.CharMatcher$FastMatcher                                  : loaded 2 times (x 107B)
Class [Lcom.google.common.cache.LocalCache$Segment;                                   : loaded 2 times (x 65B)
Class [Lcom.google.common.cache.LocalCache$Strength;                                  : loaded 2 times (x 65B)
Class com.google.common.cache.CacheBuilder$1                                          : loaded 2 times (x 81B)
Class com.google.common.collect.ImmutableMap                                          : loaded 2 times (x 116B)
Class com.google.common.base.Predicate                                                : loaded 2 times (x 66B)
Class org.gradle.internal.classpath.DefaultClassPath$ImmutableUniqueList$Builder      : loaded 2 times (x 71B)
Class com.google.common.cache.LocalCache                                              : loaded 2 times (x 183B)
Class com.google.common.cache.CacheBuilder$2                                          : loaded 2 times (x 68B)
Class com.google.common.base.CharMatcher$NegatedFastMatcher                           : loaded 2 times (x 109B)
Class [Lcom.google.common.collect.AbstractMapEntry;                                   : loaded 2 times (x 65B)
Class com.google.common.collect.ImmutableEntry                                        : loaded 2 times (x 78B)
Class com.google.common.collect.ArrayListMultimap                                     : loaded 2 times (x 168B)
Class com.google.common.base.AbstractIterator$1                                       : loaded 2 times (x 67B)
Class com.google.common.base.CharMatcher$Digit                                        : loaded 2 times (x 108B)
Class org.gradle.api.GradleException                                                  : loaded 2 times (x 78B)
Class org.apache.commons.io.StandardLineSeparator                                     : loaded 2 times (x 75B)
Class com.google.common.collect.CollectPreconditions                                  : loaded 2 times (x 67B)
Class com.google.common.base.CharMatcher$JavaIsoControl                               : loaded 2 times (x 108B)
Class com.google.common.collect.SortedMapDifference                                   : loaded 2 times (x 66B)
Class com.google.common.base.CharMatcher$JavaLowerCase                                : loaded 2 times (x 107B)
Class com.google.common.cache.LocalCache$EntryFactory                                 : loaded 2 times (x 79B)
Class com.google.common.reflect.Types$NativeTypeVariableEquals                        : loaded 2 times (x 67B)
Class com.google.common.reflect.TypeParameter                                         : loaded 2 times (x 68B)
Class com.google.common.cache.LocalCache$AbstractReferenceEntry                       : loaded 2 times (x 103B)
Class com.google.common.base.Splitter$1$1                                             : loaded 2 times (x 82B)
Class com.google.common.base.CharMatcher$Whitespace                                   : loaded 2 times (x 108B)
Class org.gradle.internal.IoActions                                                   : loaded 2 times (x 67B)
Class org.objectweb.asm.SymbolTable                                                   : loaded 2 times (x 68B)
Class com.google.common.cache.CacheLoader$InvalidCacheLoadException                   : loaded 2 times (x 78B)
Class com.google.common.collect.ImmutableSet$RegularSetBuilderImpl                    : loaded 2 times (x 73B)
Class com.google.common.base.CharMatcher$SingleWidth                                  : loaded 2 times (x 108B)
Class org.gradle.internal.classloader.SystemClassLoaderSpec                           : loaded 2 times (x 67B)
Class com.google.common.cache.LocalCache$StrongEntry                                  : loaded 2 times (x 104B)
Class com.google.common.util.concurrent.AbstractFuture$TrustedFuture                  : loaded 2 times (x 110B)
Class com.google.common.cache.LoadingCache                                            : loaded 2 times (x 66B)
Class org.objectweb.asm.MethodWriter                                                  : loaded 2 times (x 102B)
Class [Lcom.google.common.cache.Weigher;                                              : loaded 2 times (x 65B)
Class com.google.common.collect.RegularImmutableMap$BucketOverflowException           : loaded 2 times (x 78B)
Class com.google.common.reflect.Types$JavaVersion$1                                   : loaded 2 times (x 79B)
Class com.google.common.collect.RegularImmutableBiMap                                 : loaded 2 times (x 144B)
Class com.google.common.cache.LocalCache$ValueReference                               : loaded 2 times (x 66B)
Class com.google.common.base.CharMatcher$Negated                                      : loaded 2 times (x 109B)
Class com.google.common.base.CharMatcher$Is                                           : loaded 2 times (x 107B)
Class com.google.common.reflect.Types$JavaVersion$2                                   : loaded 2 times (x 79B)
Class com.google.common.reflect.Types                                                 : loaded 2 times (x 67B)
Class com.google.common.hash.PrimitiveSink                                            : loaded 2 times (x 66B)
Class com.google.common.base.PatternCompiler                                          : loaded 2 times (x 66B)
Class com.google.common.util.concurrent.AbstractFuture$Failure                        : loaded 2 times (x 68B)
Class com.google.common.base.Equivalence$Equals                                       : loaded 2 times (x 78B)
Class com.google.common.collect.Hashing                                               : loaded 2 times (x 67B)
Class com.google.common.base.Preconditions                                            : loaded 2 times (x 67B)
Class com.google.common.reflect.Types$JavaVersion$3                                   : loaded 2 times (x 79B)
Class com.google.common.base.Joiner$1                                                 : loaded 2 times (x 76B)
Class org.objectweb.asm.Label                                                         : loaded 2 times (x 69B)
Class org.objectweb.asm.CurrentFrame                                                  : loaded 2 times (x 69B)
Class org.objectweb.asm.ClassTooLargeException                                        : loaded 2 times (x 79B)
Class com.google.common.collect.PeekingIterator                                       : loaded 2 times (x 66B)
Class com.google.common.base.CharMatcher                                              : loaded 2 times (x 107B)
Class com.google.common.reflect.Types$JavaVersion$4                                   : loaded 2 times (x 79B)
Class com.google.common.base.Joiner$2                                                 : loaded 2 times (x 75B)
Class org.objectweb.asm.Frame                                                         : loaded 2 times (x 69B)
Class org.objectweb.asm.MethodVisitor                                                 : loaded 2 times (x 101B)
Class com.google.common.cache.LocalCache$EntryFactory$1                               : loaded 2 times (x 79B)
Class [Lcom.google.common.cache.RemovalListener;                                      : loaded 2 times (x 65B)
Class com.google.common.base.CharMatcher$1                                            : loaded 2 times (x 109B)
Class com.google.common.base.CharMatcher$NamedFastMatcher                             : loaded 2 times (x 108B)
Class com.google.common.reflect.Types$JavaVersion$5                                   : loaded 2 times (x 67B)
Class [Lcom.google.common.reflect.Types$ClassOwnership;                               : loaded 2 times (x 65B)
Class com.google.common.cache.LocalCache$EntryFactory$2                               : loaded 2 times (x 79B)
Class org.gradle.api.internal.classpath.GlobalCacheRootsProvider                      : loaded 2 times (x 66B)
Class org.objectweb.asm.ModuleWriter                                                  : loaded 2 times (x 78B)
Class com.google.common.cache.LocalCache$EntryFactory$3                               : loaded 2 times (x 79B)
Class com.google.common.base.Ticker$1                                                 : loaded 2 times (x 68B)
Class com.google.common.collect.ImmutableMapEntrySet$RegularEntrySet                  : loaded 2 times (x 147B)
Class com.google.common.collect.Maps$BiMapConverter                                   : loaded 2 times (x 86B)
Class com.google.common.cache.LocalCache$EntryFactory$4                               : loaded 2 times (x 79B)
Class com.google.common.collect.ImmutableSet$Builder                                  : loaded 2 times (x 81B)
Class com.google.common.base.CharMatcher$InRange                                      : loaded 2 times (x 107B)
Class Settings_gradle$1$1$1                                                           : loaded 2 times (x 71B)
Class com.google.common.cache.LocalCache$EntryFactory$5                               : loaded 2 times (x 79B)
Class com.google.common.base.PairwiseEquivalence                                      : loaded 2 times (x 79B)
Class org.apache.commons.io.output.AppendableWriter                                   : loaded 2 times (x 96B)
Class com.google.common.cache.LocalCache$EntryFactory$6                               : loaded 2 times (x 79B)
Class org.gradle.internal.installation.CurrentGradleInstallationLocator               : loaded 2 times (x 67B)
Class org.apache.commons.io.output.ThresholdingOutputStream                           : loaded 2 times (x 90B)
Class com.google.common.collect.Maps$KeySet                                           : loaded 2 times (x 133B)
Class com.google.common.cache.LocalCache$EntryFactory$7                               : loaded 2 times (x 79B)
Class com.google.common.collect.ImmutableSet$EmptySetBuilderImpl                      : loaded 2 times (x 72B)
Class com.google.common.collect.ImmutableList                                         : loaded 2 times (x 202B)
Class org.gradle.internal.service.DefaultServiceLocator                               : loaded 2 times (x 79B)
Class com.google.common.cache.LocalCache$EntryFactory$8                               : loaded 2 times (x 79B)
Class com.google.common.collect.ImmutableSet$SetBuilderImpl                           : loaded 2 times (x 72B)
Class org.gradle.internal.installation.CurrentGradleInstallation                      : loaded 2 times (x 69B)
Class com.google.common.cache.CacheLoader$1                                           : loaded 2 times (x 71B)
Class com.google.common.collect.ForwardingObject                                      : loaded 2 times (x 68B)
Class com.google.common.collect.ImmutableList$SubList                                 : loaded 2 times (x 204B)
Class org.gradle.util.internal.GUtil                                                  : loaded 2 times (x 67B)
Class com.google.common.util.concurrent.AbstractFuture$SetFuture                      : loaded 2 times (x 71B)
Class com.google.common.cache.AbstractCache$StatsCounter                              : loaded 2 times (x 66B)
Class com.google.common.reflect.Types$TypeVariableImpl                                : loaded 2 times (x 68B)
Class com.google.common.collect.Iterators$MergingIterator                             : loaded 2 times (x 77B)
Class com.google.common.collect.RegularImmutableSet                                   : loaded 2 times (x 144B)
Class org.gradle.internal.installation.GradleInstallation                             : loaded 2 times (x 71B)
Class com.google.common.collect.Iterables                                             : loaded 2 times (x 67B)
Class com.google.common.base.Splitter$Strategy                                        : loaded 2 times (x 66B)
Class com.google.common.collect.Lists$RandomAccessReverseList                         : loaded 2 times (x 196B)

---------------  S Y S T E M  ---------------

OS:
 Windows 11 , 64 bit Build 26100 (10.0.26100.3775)
OS uptime: 0 days 9:07 hours
Hyper-V role detected

CPU: total 8 (initial active 8) (4 cores per cpu, 2 threads per core) family 6 model 165 stepping 2 microcode 0xe2, cx8, cmov, fxsr, ht, mmx, 3dnowpref, sse, sse2, sse3, ssse3, sse4.1, sse4.2, popcnt, lzcnt, tsc, tscinvbit, avx, avx2, aes, erms, clmul, bmi1, bmi2, adx, fma, vzeroupper, clflush, clflushopt, hv, rdtscp, f16c
Processor Information for all 8 processors :
  Max Mhz: 2496, Current Mhz: 2496, Mhz Limit: 2496

Memory: 4k page, system-wide physical 16219M (5003M free)
TotalPageFile size 65371M (AvailPageFile size 16M)
current process WorkingSet (physical memory assigned to process): 521M, peak: 545M
current process commit charge ("private bytes"): 625M, peak: 628M

vm_info: OpenJDK 64-Bit Server VM (21.0.5+-12932927-b750.29) for windows-amd64 JRE (21.0.5+-12932927-b750.29), built on 2025-01-17T02:01:10Z by "builder" with MS VC++ 16.10 / 16.11 (VS2019)

END.
